0050,jxW50,"4,099,855","1,127","336,213,829",82.25,82.35,81.80,82.10,-,0.15,82.05,20,82.10,96,"0.00"","
0051,j100,"4,000",3,"129,380",32.42,32.42,32.32,32.32, ,0.00,32.16,50,32.32,3,"0.00"","
0052,I,"7,500",8,"421,749",56.10,56.35,56.10,56.35,-,0.35,56.15,1,56.65,1,"0.00"","
0053,jql,"1,000",1,"36,360",36.36,36.36,36.36,36.36,-,0.13,35.45,1,--,0,"0.00"","
0054,jx50,0,0,0,--,--,--,--, ,0.00,23.86,50,24.08,8,"0.00"","
0055,jMSCI,"125,000",21,"2,073,590",16.75,16.75,16.58,16.61,-,0.14,16.65,5,16.73,8,"0.00"","
0056,j,"1,355,082",428,"35,071,188",25.92,25.94,25.83,25.90,-,0.03,25.90,1,25.91,13,"0.00"","
0057,Ix,"2,000",2,"101,100",50.55,50.55,50.55,50.55,-,0.35,50.20,21,50.60,20,"0.00"","
0058,IoF,0,0,0,--,--,--,--, ,0.00,45.99,1,46.39,1,"0.00"","
0059,I,0,0,0,--,--,--,--, ,0.00,41.16,1,41.52,1,"0.00"","
0061,j_`,"1,958,449",499,"35,934,696",18.45,18.48,18.25,18.46,+,0.01,18.46,12,18.48,32,"0.00"","
006203,jMSCIxW,0,0,0,--,--,--,--, ,0.00,38.19,20,38.35,20,"0.00"","
006204,OW[v,0,0,0,--,--,--,--, ,0.00,53.65,20,53.90,100,"0.00"","
006205,IW,"7,005,102","1,656","216,924,491",31.19,31.19,30.64,31.17,-,0.03,31.15,1,31.18,57,"0.00"","
006206,jW50,"2,702,332",492,"84,161,201",31.20,31.44,30.80,31.44,+,0.10,31.41,6,31.44,118,"0.00"","
006207,FH`,"1,088,833",261,"25,626,411",23.59,23.69,23.30,23.69,+,0.10,23.69,138,23.70,4,"0.00"","
006208,Ix50,"5,150",5,"246,125",47.88,47.88,47.77,47.77,-,0.11,47.58,5,47.83,1,"0.00"","
00625K,IW+R,"58,000",6,"385,600",6.64,6.70,6.64,6.70,-,0.01,6.63,50,6.74,20,"0.00"","
00631L,jxW502,"1,462,095",547,"53,382,720",36.66,36.72,36.14,36.53,+,0.03,36.52,5,36.53,22,"0.00"","
00632R,jxW501,"36,662,915","4,373","468,994,941",12.78,12.85,12.75,12.78,-,0.02,12.78,"2,677",12.79,173,"0.00"","
00633L,IW2,"53,006,415","10,810","2,242,062,200",42.66,42.98,41.35,42.92,+,0.26,42.92,195,42.93,6,"0.00"","
00634R,IW1,"3,708,000",291,"26,481,540",7.13,7.21,7.08,7.09,-,0.03,7.09,3,7.10,135,"0.00"","
00635U,jS&P,"437,484",120,"8,902,629",20.34,20.38,20.33,20.35,-,0.26,20.35,30,20.36,6,"0.00"","
00636,A50,"10,962,000","2,823","222,036,720",20.44,20.45,20.06,20.43,-,0.03,20.43,39,20.44,2,"0.00"","
00636K,A50+U,"3,300",4,"22,733",6.95,6.99,6.88,6.99,-,0.01,6.98,30,7.04,50,"0.00"","
00637L,j`3002,"173,346,482","23,749","2,772,770,898",16.12,16.26,15.64,16.25,+,0.13,16.25,12,16.26,298,"0.00"","
00638R,j`3001,"443,000",151,"6,470,390",14.59,14.74,14.47,14.49,-,0.08,14.48,2,14.49,30,"0.00"","
00639,I`100,"4,540,395",650,"51,248,223",11.30,11.37,11.17,11.37,+,0.08,11.36,4,11.37,1,"0.00"","
00640L,I2,"1,147,000",289,"25,865,640",22.62,22.67,22.16,22.27,+,0.25,22.25,2,22.27,135,"0.00"","
00641R,I1,"1,370,000",194,"20,665,780",15.07,15.18,15.03,15.14,-,0.15,15.14,69,15.17,1,"0.00"","
00642U,jS&Po,"717,000",147,"14,130,900",19.72,19.74,19.69,19.70,-,0.02,19.70,978,19.71,4,"0.00"","
00643,sq`p,"5,236,000",894,"81,897,060",15.82,15.84,15.48,15.72,-,0.08,15.72,10,15.73,7,"0.00"","
00643K,sq`p+R,0,0,0,--,--,--,--, ,0.00,3.26,20,3.33,10,"0.00"","
00645,I,"136,512",11,"2,971,574",21.89,21.89,21.59,21.59,-,0.01,21.59,99,21.66,55,"0.00"","
00646,jS&P500,"541,000",50,"12,419,760",22.94,23.29,22.94,23.29,+,0.33,23.29,10,23.50,1,"0.00"","
00647L,jS&P5002,"42,076",28,"1,213,258",28.90,28.96,28.76,28.81,-,0.10,28.80,2,28.81,56,"0.00"","
00648R,jS&P5001,"680,000",152,"9,589,810",14.10,14.13,14.08,14.12,+,0.02,14.12,300,14.13,18,"0.00"","
00649,FH,"49,000",14,"1,034,860",21.28,21.28,21.00,21.13,-,0.17,21.07,1,21.13,1,"0.00"","
00650L,FH2,"174,000",93,"6,093,180",35.23,35.51,34.58,34.90,-,0.66,34.87,33,35.00,2,"0.00"","
00651R,FH1,"571,000",109,"4,780,940",8.33,8.42,8.32,8.37,+,0.04,8.34,13,8.38,45,"0.00"","
00652,IL,"13,158",13,"293,097",22.29,22.30,22.23,22.23,-,0.06,22.22,1,22.25,1,"0.00"","
00653L,IL2,"129,000",44,"3,387,910",26.50,26.50,26.15,26.16,-,0.06,26.18,2,26.24,20,"0.00"","
00654R,IL1,"187,000",13,"2,894,180",15.44,15.49,15.44,15.48,-,0.08,15.54,5,15.57,10,"0.00"","
00655L,A502,"26,203,500","5,118","819,835,249",31.68,31.88,30.62,31.88,+,0.25,31.88,294,31.90,24,"0.00"","
00656R,A501,"442,000",74,"6,046,360",13.69,13.86,13.58,13.58,-,0.07,13.57,1,13.58,2,"0.00"","
00657,g225,"252,000",17,"6,539,420",25.98,26.00,25.70,25.70,+,0.24,25.70,3,25.74,20,"0.00"","
00657K,g225+U,"15,100",7,"134,283",8.93,8.93,8.81,8.82,-,0.01,8.79,30,8.87,50,"0.00"","
00658L,2,"130,000",40,"4,183,500",32.25,32.38,31.72,31.72,+,0.66,31.72,11,31.74,20,"0.00"","
00659R,1,"541,000",83,"7,361,920",13.55,13.68,13.55,13.68,-,0.13,13.68,4,13.69,80,"0.00"","
00660,jw50,"9,000",8,"212,560",23.63,23.63,23.57,23.60,+,0.37,23.58,2,23.60,1,"0.00"","
00661,jg225,"1,000",1,"26,590",26.59,26.59,26.59,26.59,+,0.29,26.26,10,26.58,50,"0.00"","
00662,INASDAQ,"149,099",43,"3,876,715",26.00,26.09,25.95,26.03,-,0.13,26.00,11,26.03,21,"0.00"","
00663L,OW[v2,"254,000",33,"8,631,920",33.97,34.16,33.70,34.03,+,0.08,33.98,100,34.03,95,"0.00"","
00664R,OW[v1,"2,317,000",188,"33,561,340",14.45,14.53,14.43,14.46,-,0.01,14.46,196,14.47,10,"0.00"","
00665L,I2,"1,241,000",406,"40,371,100",33.06,33.31,32.00,32.45,-,0.61,32.45,45,32.51,1,"0.00"","
00666R,I1,"83,000",19,"1,079,710",12.85,13.12,12.85,13.06,+,0.16,13.01,48,13.05,30,"0.00"","
00667,j,"1,000",1,"23,470",23.47,23.47,23.47,23.47,+,0.08,23.34,10,23.54,15,"0.00"","
00668,D,"20,000",12,"484,500",24.25,24.26,24.20,24.25,-,0.04,24.29,5,24.30,80,"0.00"","
00668K,D+U,0,0,0,--,--,--,--, ,0.00,8.19,30,8.46,100,"0.00"","
00669R,D1,"1,470,000",185,"21,137,190",14.36,14.40,14.35,14.40, ,0.00,14.39,11,14.40,21,"0.00"","
00670L,INASDAQ2,"3,277,000","1,143","91,260,040",28.05,28.08,27.67,27.75,-,2.25,27.75,3,27.76,47,"0.00"","
00671R,INASDAQ1,"641,000",142,"10,049,800",15.62,15.70,15.62,15.68,+,0.08,15.68,111,15.69,11,"0.00"","
00672L,jS&Po2,"3,235,328",471,"73,679,548",22.75,22.83,22.70,22.79,+,0.03,22.78,141,22.79,373,"0.00"","
00673R,jS&Po1,"1,231,000",236,"18,918,280",15.38,15.40,15.35,15.37,-,0.01,15.37,34,15.38,134,"0.00"","
00674R,jS&P1,"220,000",25,"4,124,650",18.76,18.76,18.72,18.72,+,0.18,18.72,55,18.73,3,"0.00"","
00675L,IOW[v2,"1,003,000",158,"14,815,950",14.79,14.83,14.63,14.78,+,0.04,14.75,2,14.78,369,"0.00"","
00676R,IOW[v1,"2,627,000",229,"20,597,900",7.84,7.89,7.82,7.85,-,0.01,7.84,236,7.85,203,"0.00"","
00677U,IVIX,"26,920,157","3,058","253,328,949",9.34,9.51,9.32,9.50,+,0.13,9.50,88,9.51,680,"0.00"","
00678,sqNBI,"333,000",23,"6,977,880",20.80,21.03,20.80,21.03,+,0.23,21.03,1,21.04,1,"0.00"","
00680L,j202,"43,000",12,"827,400",19.13,19.26,19.13,19.26,+,0.20,19.21,20,19.26,13,"0.00"","
00681R,j201,"16,000",9,"306,030",19.14,19.14,19.10,19.10,-,0.07,19.10,3,19.13,25,"0.00"","
00682U,j,"18,000",10,"318,160",17.70,17.70,17.67,17.67,+,0.02,17.67,4,17.68,1,"0.00"","
00683L,j2,"1,904,000",314,"30,162,130",15.86,15.87,15.81,15.81,+,0.22,15.81,232,15.82,2,"0.00"","
00684R,j1,"2,000",2,"43,410",21.71,21.71,21.70,21.70,-,0.18,21.70,1,21.72,50,"0.00"","
00685L,sqOW[v2,"18,000",6,"232,380",13.01,13.01,12.85,12.96,+,0.04,12.92,287,12.95,1,"0.00"","
00686R,sqOW[v1,"230,000",23,"1,967,000",8.56,8.58,8.52,8.55,-,0.01,8.55,91,8.56,73,"0.00"","
00688L,20~2,"224,000",8,"4,362,600",19.42,19.56,19.42,19.48,+,0.17,19.48,50,19.58,57,"0.00"","
00689R,20~1,"231,000",14,"4,481,350",19.43,19.43,19.39,19.40,-,0.06,19.39,2,19.40,33,"0.00"","
00690,w30,"424,913",35,"9,331,052",22.01,22.01,21.90,21.90,-,0.11,21.90,1,21.94,194,"0.00"","
00691R,w301,"2,000",2,"34,420",17.19,17.23,17.19,17.23,+,0.07,17.11,20,17.16,20,"0.00"","
00692,Iqvz,"586,060",134,"12,578,128",21.52,21.53,21.41,21.51,-,0.02,21.51,1,21.52,4,"0.00"","
00693U,yS&P,"550,000",163,"10,988,040",20.07,20.07,19.91,19.98,-,0.10,19.96,20,19.98,36,"0.00"","
00698L,j7-102,0,0,0,--,--,--,--, ,0.00,18.07,20,18.11,1,"0.00"","
00699R,j7-101,0,0,0,--,--,--,--, ,0.00,20.31,25,20.34,2,"0.00"","
00700,I,"118,453",20,"2,463,045",21.00,21.00,20.70,20.87,-,0.15,20.84,2,20.87,20,"0.00"","
00701,OWCi30,"38,000",16,"795,280",20.94,20.96,20.90,20.93,-,0.05,20.88,2,20.93,8,"0.00"","
00702,Ci,"9,000",7,"169,850",18.89,18.89,18.85,18.87,+,0.17,18.85,1,18.88,100,"0.00"","
00703,xsMSCI,"264,000",74,"5,714,530",21.72,21.74,21.50,21.64,-,0.16,21.65,9,21.67,19,"0.00"","
00704L,xsMSCIxW2,"208,000",5,"4,332,610",20.80,20.83,20.80,20.83,-,0.20,20.73,100,20.81,20,"0.00"","
00705R,xsMSCIxW1,"327,000",12,"5,899,270",18.10,18.10,18.02,18.04,-,0.02,18.02,100,18.07,20,"0.00"","
00706L,jS&P2,"334,000",48,"6,894,680",20.60,20.73,20.57,20.72,-,0.38,20.73,2,20.74,158,"0.00"","
00707R,jS&P1,"8,000",4,"154,240",19.31,19.31,19.27,19.27,+,0.18,19.12,20,19.22,101,"0.00"","
00708L,jS&P2,"1,715,000",283,"33,744,390",19.64,19.71,19.62,19.69,-,0.50,19.69,4,19.70,98,"0.00"","
00709,Iw,"103,000",7,"2,035,490",19.86,19.86,19.76,19.77,+,0.11,19.69,52,19.83,36,"0.00"","
00710B,FH^q,0,0,0,--,--,--,--, ,0.00,19.18,20,19.29,21,"0.00"","
00711B,FH^s,"3,000",2,"56,000",18.66,18.67,18.66,18.67,+,0.16,18.62,2,18.67,20,"0.00"","
00712,FHI,"50,000",6,"889,400",17.79,17.79,17.78,17.78,+,0.10,17.75,10,17.80,10,"0.00"","
00713,jxWCi,"11,113",9,"338,330",30.42,30.59,30.42,30.45,-,0.15,30.43,100,30.45,1,"0.00"","
00714,sqDa,"111,000",5,"2,019,270",18.10,18.22,18.10,18.20,+,0.33,18.10,5,18.21,1,"0.00"","
00715L,yS&PS2,"312,000",13,"7,763,020",24.86,24.91,24.83,24.86,+,0.05,24.84,1,24.88,105,"0.00"","
00716R,yS&PS1,"201,000",10,"3,432,080",17.08,17.08,17.07,17.08,-,0.02,17.08,60,17.12,60,"0.00"","
00717,ISO,"276,000",62,"5,273,620",19.09,19.13,19.09,19.09, ,0.00,19.09,21,19.11,57,"0.00"","
00730,IOWu,"122,000",34,"2,434,270",19.98,19.98,19.92,19.96,-,0.01,19.94,1,19.96,78,"0.00"","
008201,BPW50,"4,400",19,"439,920",100.00,100.10,99.75,100.10,+,0.10,99.65,1,100.05,7,"0.00"","
01001T,gIR1,"51,000",9,"692,270",13.57,13.58,13.57,13.58,+,0.01,13.57,20,13.59,35,"0.00"","
01002T,gR1,"187,000",14,"2,570,030",13.60,13.77,13.60,13.76, ,0.00,13.75,22,13.77,64,"0.00"","
01003T,sR1,"730,000",78,"10,760,100",14.74,14.75,14.73,14.73, ,0.00,14.73,62,14.77,35,"0.00"","
01004T,gIR2,"695,000",42,"8,912,740",12.85,12.88,12.66,12.88,+,0.03,12.62,10,12.88,46,"0.00"","
01007T,R2,"313,000",19,"4,419,830",14.12,14.13,14.11,14.11,X,0.00,14.11,18,14.13,30,"0.00"","
1101,xd,"5,977,425","2,984","218,628,760",36.65,36.80,36.35,36.55,-,0.45,36.55,154,36.65,92,"19.97"","
1102,d,"3,326,433","1,808","93,643,275",28.50,28.55,28.00,28.10,-,0.30,28.10,48,28.15,7,"17.56"","
1103,d,"1,620,068",395,"18,024,508",10.95,11.30,10.95,11.25,+,0.30,11.20,41,11.25,74,"70.31"","
1104,d,"233,971",129,"5,177,704",22.10,22.20,22.10,22.15,+,0.05,22.15,9,22.20,24,"9.59"","
1108,,"163,885",69,"1,311,330",8.01,8.02,7.99,8.00,-,0.02,7.98,23,8.00,7,"50.00"","
1109,Hj,"41,796",28,"589,333",14.30,14.35,14.00,14.15,+,0.20,14.05,6,14.15,5,"14.74"","
1110,Fd,"23,207",15,"323,398",13.90,14.00,13.90,14.00, ,0.00,13.90,8,13.95,5,"127.27"","
1201,,"3,232,165","1,080","77,986,473",24.00,24.50,23.90,24.20,+,0.70,24.15,47,24.20,49,"18.47"","
1203,,"79,558",58,"2,109,422",26.95,26.95,26.25,26.30,-,0.25,26.30,13,26.40,7,"13.08"","
1210,j,"815,056",369,"28,153,082",34.65,34.80,34.25,34.55,-,0.05,34.55,1,34.60,6,"10.57"","
1213,j,"32,500",27,"493,425",15.25,15.35,15.05,15.35,+,0.10,15.05,8,15.40,5,"383.75"","
1215,R,"311,587",248,"20,362,307",65.30,65.60,65.20,65.40,+,0.20,65.30,47,65.40,18,"12.22"","
1216,@,"17,148,089","8,367","1,184,308,871",69.10,70.00,68.30,68.30,+,0.30,68.30,70,68.40,6,"9.74"","
1217,R,"526,673",221,"3,907,709",7.41,7.45,7.40,7.44,+,0.03,7.42,8,7.44,12,"21.88"","
1218,s,"718,897",282,"12,395,620",17.20,17.35,17.15,17.20,+,0.05,17.15,51,17.25,76,"39.09"","
1219,,"17,362",12,"319,208",18.40,18.45,18.30,18.45, ,0.00,18.45,4,18.50,3,"41.93"","
1220,xa,"92,128",39,"1,009,795",10.95,11.00,10.90,10.95,-,0.05,10.90,13,10.95,10,"24.89"","
1225,o,"43,054",42,"3,127,493",72.90,72.90,72.20,72.60,+,0.60,72.00,5,72.70,5,"44.81"","
1227,,"1,051,441",876,"71,787,301",68.80,68.80,67.90,68.30,+,0.10,68.30,71,68.40,39,"28.11"","
1229,p,"1,160,347",706,"43,572,503",37.45,37.65,37.45,37.50,+,0.10,37.50,34,37.55,11,"12.06"","
1231,p,"158,867",88,"5,570,745",35.20,35.20,34.95,34.95,-,0.15,34.95,1,35.05,16,"13.76"","
1232,jq,"36,371",28,"3,362,727",92.50,92.50,92.30,92.50,+,0.30,92.60,1,92.90,2,"18.10"","
1233,,"59,664",42,"2,258,114",38.00,38.00,37.70,37.90,-,0.10,37.90,1,37.95,1,"19.54"","
1234,Q,"56,906",42,"1,770,545",31.10,31.20,31.05,31.10, ,0.00,31.10,18,31.15,5,"23.04"","
1235,,"31,885",19,"1,086,213",34.25,34.25,34.00,34.10,-,0.20,34.10,2,34.25,1,"6.52"","
1236,,"21,736",18,"379,544",17.55,17.55,17.40,17.40,-,0.15,17.45,3,17.70,2,"348.00"","
1256,AG-KY,"71,618",67,"11,233,908",157.00,159.00,155.50,156.50,+,1.50,156.00,6,157.50,5,"16.79"","
1262,-KY,"1,050,960",496,"51,727,349",49.50,50.20,48.70,48.70,-,0.30,48.70,18,48.85,1,"10.38"","
1301,x,"5,704,137","2,762","588,448,111",103.00,104.00,102.50,103.00, ,0.00,103.00,133,103.50,133,"13.27"","
1303,n,"7,298,687","3,263","596,486,970",82.10,82.20,81.30,81.80,-,0.70,81.70,160,81.80,31,"11.91"","
1304,xE,"674,065",296,"9,816,965",14.60,14.65,14.50,14.55,-,0.05,14.55,9,14.60,151,"14.13"","
1305,L,"5,390,836","2,564","168,339,628",32.00,32.00,30.90,31.10,-,0.90,31.10,86,31.15,1,"12.05"","
1307,T,"34,239",31,"1,119,788",32.75,32.75,32.65,32.70, ,0.00,32.75,1,32.80,8,"14.41"","
1308,E,"146,051",121,"2,623,221",18.05,18.05,17.90,17.95,+,0.05,17.95,4,18.00,75,"16.47"","
1309,xF,"710,578",218,"8,191,312",11.55,11.65,11.45,11.50,-,0.15,11.50,53,11.55,11,"10.45"","
1310,xf,"2,882,444","1,268","62,668,313",21.50,21.95,21.50,21.75,+,0.30,21.70,486,21.75,13,"10.88"","
1312,,"7,744,560","2,590","234,994,517",30.35,30.50,30.05,30.50,+,0.45,30.50,19,30.55,142,"8.54"","
1312A,S,"2,000",2,"67,600",33.80,33.80,33.80,33.80,+,0.10,33.70,10,33.80,1,"0.00"","
1313,p,"1,658,513",751,"31,180,737",18.85,18.95,18.70,18.80,-,0.05,18.80,40,18.85,31,"9.35"","
1314,,"8,841,854","2,156","110,590,962",12.55,12.60,12.45,12.55,+,0.05,12.50,111,12.55,643,"5.55"","
1315,Fs,"8,463",11,"224,725",26.90,26.90,26.55,26.55,-,0.45,26.45,2,26.55,3,"29.50"","
1316,W`,"433,338",184,"9,038,609",21.15,21.15,20.70,20.70,-,0.10,20.70,21,20.75,1,"7.16"","
1319,F,"559,132",376,"29,276,602",52.90,52.90,52.10,52.30,-,0.20,52.30,7,52.40,3,"13.21"","
1321,jv,"143,000",51,"3,853,250",27.10,27.10,26.80,26.95,-,0.05,26.95,48,27.00,5,"0.00"","
1323,,"1,682,746",889,"60,325,953",33.40,36.60,33.35,36.60,+,3.30,36.60,270,--,0,"13.12"","
1324,ay,"129,003",74,"1,706,489",13.25,13.45,13.15,13.15, ,0.00,13.15,1,13.20,1,"16.44"","
1325,j,"78,415",55,"1,393,227",17.85,18.00,17.65,18.00, ,0.00,17.90,7,18.00,6,"24.00"","
1326,x,"5,464,768","2,615","594,372,712",109.50,109.50,108.00,109.00, ,0.00,109.00,233,109.50,104,"11.68"","
1337,A-KY,"484,773",200,"5,407,411",11.25,11.25,11.10,11.15,-,0.05,11.10,197,11.15,6,"16.40"","
1338,s-KY,"292,149",238,"31,598,231",109.00,109.50,107.50,107.50,-,1.00,107.50,36,108.00,13,"11.62"","
1339,L,"53,000",45,"2,088,950",39.25,39.65,39.20,39.55,+,0.15,39.45,2,39.55,2,"10.63"","
1340,-KY,"505,400",400,"23,510,500",46.80,46.95,46.20,46.20,-,0.30,46.20,17,46.40,3,"6.99"","
1402,Fs,"5,489,039","2,255","143,380,654",26.30,26.30,26.00,26.25,+,0.15,26.20,5,26.25,78,"15.91"","
1409,s,"1,394,575",358,"13,410,002",9.65,9.66,9.59,9.61,-,0.01,9.60,42,9.61,39,"16.86"","
1410,nV,"20,003",17,"469,523",23.50,23.50,23.45,23.50,+,0.15,23.50,3,23.55,1,"18.36"","
1413,w,"211,968",85,"2,009,348",9.45,9.60,9.40,9.45, ,0.00,9.45,4,9.50,5,"10.74"","
1414,FM,"142,601",74,"1,057,127",7.45,7.45,7.38,7.38,-,0.03,7.38,9,7.42,8,"18.00"","
1416,s,"464,027",274,"7,628,320",16.05,16.65,16.05,16.55,+,0.55,16.55,5,16.60,31,"13.79"","
1417,,"319,550",63,"1,454,158",4.55,4.58,4.54,4.56, ,0.00,4.56,3,4.57,24,"0.00"","
1418,F,22,19,176,--,--,--,--, ,0.00,8.50,3,9.10,1,"0.00"","
1419,s,"25,481",29,"1,230,388",48.25,48.40,48.25,48.30,+,0.05,48.30,45,48.35,1,"117.80"","
1423,Q,"3,591,301","1,220","34,315,619",9.27,9.77,9.27,9.59,+,0.40,9.56,2,9.59,35,"35.52"","
1432,j|,"37,000",19,"421,500",11.35,11.55,11.35,11.40,+,0.05,11.35,1,11.40,2,"0.00"","
1434,,"1,897,643","1,003","60,998,004",32.05,32.40,31.90,32.10, ,0.00,32.10,28,32.20,1,"12.64"","
1435,,"78,093",17,"430,191",5.48,5.53,5.48,5.53,+,0.01,5.50,1,5.53,3,"92.17"","
1436,p,"26,765",23,"1,070,622",39.80,40.50,39.75,39.90,+,0.20,39.70,1,40.00,2,"12.67"","
1437,q,"59,000",30,"1,066,750",18.05,18.15,18.00,18.15,+,0.25,18.10,4,18.15,39,"12.02"","
1438,,"143,000",38,"993,870",6.95,6.96,6.95,6.95,-,0.05,6.92,1,6.95,13,"0.00"","
1439,M,"1,144,442",464,"32,923,496",28.65,29.25,28.10,28.50,-,0.15,28.30,2,28.50,2,"0.00"","
1440,n,"164,786",92,"2,163,080",13.15,13.20,13.10,13.10,-,0.05,13.10,15,13.15,21,"29.11"","
1441,jF,"586,981",201,"7,908,328",13.55,13.70,13.30,13.45,-,0.05,13.45,35,13.50,15,"0.00"","
1442,Wa,"514,336",212,"10,193,849",19.70,20.00,19.65,19.80,+,0.15,19.75,3,19.80,68,"10.59"","
1443,q,"36,440",26,"205,721",5.95,5.95,5.62,5.62,-,0.04,5.62,2,5.77,2,"0.00"","
1444,OR,"6,197,344","1,613","67,191,410",10.50,11.05,10.50,10.85,+,0.30,10.80,37,10.85,20,"57.11"","
1445,jt,"266,000",70,"2,218,880",8.32,8.39,8.29,8.34,-,0.01,8.30,1,8.34,13,"92.67"","
1446,M,"89,008",56,"2,049,484",23.00,23.10,22.80,23.10,+,0.15,22.90,6,23.10,3,"0.00"","
1447,OP,"584,647",239,"4,586,490",7.87,7.91,7.78,7.79,-,0.03,7.79,13,7.81,2,"0.00"","
1449,M,"309,824",127,"1,710,367",5.40,5.67,5.38,5.66,+,0.28,5.66,11,5.67,15,"0.00"","
1451,~,"222,699",89,"5,599,839",25.20,25.25,25.05,25.20,+,0.10,25.20,1,25.25,36,"17.75"","
1452,q,"272,009",123,"5,831,457",21.45,21.55,21.35,21.40, ,0.00,21.40,2,21.45,1,"13.13"","
1453,jN,"22,040",12,"219,156",9.92,10.00,9.92,9.93,+,0.01,9.93,9,9.99,1,"0.00"","
1454,xI,"49,117",19,"410,779",8.51,8.51,8.31,8.33,-,0.09,8.31,3,8.35,8,"59.50"","
1455,,"4,317,255","1,116","45,920,764",10.55,10.75,10.45,10.70,+,0.20,10.65,93,10.70,53,"18.14"","
1456,,"17,080",9,"167,744",9.74,9.99,9.74,9.99,+,0.21,9.79,1,10.00,1,"15.37"","
1457,yi,"1,746,612",598,"24,192,177",13.75,13.95,13.75,13.85,+,0.30,13.85,6,13.90,90,"5.39"","
1459,po,"155,987",51,"1,310,269",8.41,8.43,8.39,8.41,+,0.03,8.40,2,8.41,57,"0.00"","
1460,,"337,723",216,"4,378,299",12.90,13.05,12.90,13.00,+,0.10,13.00,49,13.05,29,"27.66"","
1463,j,"1,705,240",801,"41,827,904",24.65,24.90,24.20,24.30,-,0.25,24.30,42,24.35,12,"3.62"","
1464,oO,"322,117",200,"8,214,624",25.60,25.60,25.45,25.55,+,0.10,25.55,11,25.60,44,"21.12"","
1465,,"55,580",25,"831,642",15.00,15.00,14.90,14.95,-,0.05,14.90,21,15.00,13,"59.80"","
1466,E,"31,002",18,"332,820",10.75,10.80,10.60,10.75,+,0.05,10.75,3,10.80,3,"0.00"","
1467,nn,"386,600",164,"4,630,087",12.00,12.15,11.90,12.00,+,0.05,11.95,5,12.00,63,"0.00"","
1468,M,"22,000",7,"217,940",9.84,9.97,9.84,9.90, ,0.00,9.60,1,10.00,3,"0.00"","
1469,z,"1,000",1,"13,950",13.95,13.95,13.95,13.95, ,0.00,13.85,26,13.95,19,"0.00"","
1470,js,0,0,0,--,--,--,--, ,0.00,17.20,1,18.30,5,"37.14"","
1471,Q,"437,153",208,"3,120,763",7.06,7.33,7.03,7.33,+,0.27,7.10,20,7.33,3,"0.00"","
1472,Tv,"20,306",32,"542,280",26.70,26.80,26.70,26.70, ,0.00,26.70,1,27.20,1,"0.00"","
1473,xn,"62,000",45,"1,455,150",23.50,23.55,23.40,23.45,-,0.10,23.40,7,23.50,1,"36.64"","
1474,,"580,002",115,"6,807,172",11.85,11.90,11.65,11.80,+,0.10,11.75,2,11.80,60,"14.05"","
1475,,"56,187",62,"2,059,317",37.25,37.50,35.70,35.95,-,1.25,35.70,3,36.10,1,"0.00"","
1476,E,"1,068,840",957,"366,903,100",346.00,348.00,340.00,340.00,-,1.00,340.00,37,341.00,203,"30.58"","
1477,E,"720,296",531,"98,639,902",135.00,138.00,135.00,137.50,+,3.00,137.00,5,137.50,33,"22.39"","
1503,hq,"48,422",40,"1,995,714",41.75,41.75,41.10,41.35,+,0.05,41.20,1,41.35,2,"16.67"","
1504,F,"5,982,613","2,206","143,971,786",24.05,24.15,23.95,24.05, ,0.00,24.05,248,24.10,3,"15.42"","
1506,D,"237,124",71,"5,016,066",21.50,21.50,20.85,21.20, ,0.00,21.15,2,21.20,27,"0.00"","
1507,j,"772,588",563,"43,013,240",56.50,56.80,55.10,55.10,-,1.60,55.10,13,55.20,8,"18.31"","
1512,Q,"282,006",107,"3,572,478",12.65,12.75,12.55,12.60,+,0.10,12.60,12,12.75,3,"0.00"","
1513,q,"8,219,103","3,385","177,084,053",20.70,22.00,20.70,21.60,+,0.95,21.60,13,21.65,5,"21.60"","
1514,O,"12,765,412","3,845","159,692,019",12.15,12.75,12.15,12.50,+,0.50,12.45,225,12.50,12,"21.55"","
1515,Os,"1,021,792",498,"42,264,822",41.60,41.90,41.00,41.25, ,0.00,41.25,27,41.30,9,"27.68"","
1516,t,"149,139",204,"2,980,908",20.30,20.30,19.80,20.00, ,0.00,19.90,1,20.05,14,"36.36"","
1517,Q_,"3,027,868",553,"33,319,073",10.60,11.15,10.55,10.80,+,0.20,10.80,40,10.85,7,"0.00"","
1519,,"11,683,358","4,757","290,297,226",23.50,25.40,23.35,25.40,+,2.30,25.40,"2,039",--,0,"81.94"","
1521,j,"70,500",40,"5,628,200",80.20,80.20,79.70,79.80,-,0.10,79.70,4,79.80,13,"12.18"","
1522,,"1,194,349",779,"36,860,611",31.00,31.20,30.70,30.75,-,0.15,30.70,29,30.75,47,"14.50"","
1524,,"420,006",116,"4,396,312",10.55,10.60,10.40,10.50, ,0.00,10.50,2,10.55,49,"11.41"","
1525,,"31,000",27,"2,400,100",77.90,77.90,77.00,77.30,-,0.70,77.30,2,77.80,1,"10.49"","
1526,,"466,634",383,"31,889,312",68.00,68.90,67.50,68.20,+,0.70,68.20,12,68.50,2,"23.52"","
1527,p,"722,624",570,"37,229,148",50.10,52.00,50.10,52.00,+,2.00,51.80,5,52.00,30,"35.14"","
1528,w,"1,809,029",837,"27,817,535",15.55,15.70,15.20,15.20,-,0.30,15.20,43,15.25,17,"27.64"","
1529,h,"48,023",24,"172,826",3.62,3.62,3.56,3.56,-,0.06,3.56,1,3.60,3,"35.60"","
1530,Q,"12,951",11,"419,569",32.35,32.50,32.35,32.50, ,0.00,32.45,1,32.80,1,"17.76"","
1531,L,"177,001",105,"3,957,322",22.35,22.40,22.25,22.35,-,0.05,22.30,9,22.35,2,"25.40"","
1532,,"404,976",230,"11,658,155",28.50,28.90,28.50,28.90,+,0.35,28.90,27,28.95,23,"16.06"","
1533,q,"449,200",326,"17,301,089",38.50,39.50,38.00,38.00,+,0.95,37.85,1,38.00,2,"33.33"","
1535,t,"76,500",68,"3,372,649",43.25,44.70,43.25,44.20,+,0.95,44.15,4,44.30,3,"29.27"","
1536,Mj,"6,983,413","4,106","860,501,625",124.00,125.50,121.00,124.00,-,3.00,124.00,152,124.50,12,"26.27"","
1537,s,"174,386",161,"25,471,856",146.50,147.50,145.00,145.50,-,0.50,145.00,27,146.00,13,"13.20"","
1538,ps,"116,273",67,"647,348",5.41,5.66,5.41,5.58,+,0.13,5.55,1,5.58,1,"0.00"","
1539,x,"81,150",59,"1,464,672",18.05,18.20,17.90,18.00,+,0.20,18.00,18,18.10,9,"15.38"","
1540,,"138,011",75,"2,282,681",16.50,16.75,16.40,16.75,+,0.25,16.55,5,16.75,3,"22.33"","
1541,,"8,000",7,"343,200",43.00,43.00,42.60,42.60,+,0.25,42.60,1,43.00,4,"24.91"","
1558,,"69,109",86,"9,088,388",131.00,132.00,131.00,131.00, ,0.00,131.00,8,132.00,19,"15.09"","
1560,,"541,033",421,"40,656,793",75.60,76.00,74.50,75.30,-,0.20,75.20,13,75.30,3,"14.48"","
1568,,"156,001",119,"4,822,533",31.00,31.20,30.65,31.00,+,0.25,31.00,1,31.10,4,"16.67"","
1582,HA,"925,562",545,"62,965,229",68.20,68.30,67.80,68.10, ,0.00,68.00,13,68.10,10,"12.92"","
1583,{,"6,422",8,"403,542",62.90,62.90,62.70,62.90, ,0.00,62.80,1,63.00,14,"18.28"","
1589,a-KY,"5,293,281","3,080","443,277,066",79.50,86.00,79.50,86.00,+,7.80,86.00,"3,748",--,0,"37.72"","
1590,w-KY,"881,721",771,"447,699,815",500.00,519.00,495.50,519.00,+,25.50,517.00,3,519.00,10,"29.73"","
1592,^-KY,"99,000",78,"3,107,950",31.00,31.60,31.00,31.45,-,0.05,31.45,1,31.50,7,"11.44"","
1598,t,"29,000",27,"1,153,400",40.00,40.20,39.60,39.90, ,0.00,39.90,1,39.95,1,"153.46"","
1603,q,"163,665",72,"4,381,786",26.90,27.05,26.60,26.70,-,0.05,26.70,9,26.80,2,"20.54"","
1604,n_,"579,079",392,"8,097,808",14.10,14.10,13.90,13.95,-,0.10,13.95,6,14.00,138,"20.51"","
1605,s,"16,722,812","3,127","299,135,996",17.85,18.00,17.70,17.80,+,0.05,17.80,50,17.85,29,"9.04"","
1608,a,"6,583,530","1,584","78,114,072",11.70,12.00,11.65,11.80,+,0.20,11.80,149,11.85,112,"11.35"","
1609,j,"65,218,475","17,160","974,885,773",14.35,15.40,14.30,15.00,+,0.90,15.00,633,15.05,53,"18.29"","
1611,q,"6,137,415","1,594","65,375,001",10.60,10.80,10.55,10.60,+,0.05,10.55,"1,046",10.60,75,"0.00"","
1612,,"700,392",207,"8,052,574",11.50,11.55,11.40,11.50, ,0.00,11.50,62,11.55,16,"17.69"","
1614,Tvq,"176,034",21,"4,117,142",23.35,24.00,23.35,23.40,+,0.05,23.40,2,23.50,6,"28.54"","
1615,js,"166,150",79,"2,727,452",16.40,16.60,16.30,16.35, ,0.00,16.35,9,16.50,23,"12.48"","
1616,,"128,000",55,"761,410",6.00,6.00,5.90,5.96,+,0.03,5.91,3,5.96,10,"0.00"","
1617,aP,"142,000",39,"1,971,450",13.75,14.20,13.70,13.90,+,0.20,13.90,3,14.00,8,"17.38"","
1618,X,"431,068",168,"3,987,309",9.30,9.31,9.21,9.26,+,0.05,9.25,7,9.26,5,"26.46"","
1626,S-KY,"51,000",41,"1,197,600",23.30,23.85,23.20,23.70, ,0.00,23.70,3,23.80,1,"790.00"","
1701,,"648,996",247,"12,814,213",19.70,19.80,19.55,19.80,+,0.10,19.75,13,19.80,46,"20.00"","
1702,n,"278,140",288,"16,807,799",60.50,61.00,60.00,60.60,-,0.10,60.60,5,60.70,3,"14.67"","
1704,a,"569,549",433,"25,151,762",44.05,44.30,44.00,44.30,+,0.25,44.20,3,44.30,101,"10.57"","
1707,,"1,960,030","1,534","502,404,680",252.00,261.00,251.50,256.00,+,6.00,256.00,31,258.00,8,"25.50"","
1708,FP,"321,111",151,"9,604,896",29.95,30.15,29.70,29.90, ,0.00,29.90,2,30.00,28,"12.25"","
1709,Mq,"321,935",155,"6,096,069",18.95,19.00,18.90,18.90, ,0.00,18.90,121,18.95,13,"12.60"","
1710,Fp,"2,771,130","1,138","82,071,408",29.45,29.80,29.45,29.75,+,0.10,29.70,33,29.75,5,"14.80"","
1711,,"415,856",153,"7,357,698",17.75,17.80,17.65,17.70, ,0.00,17.70,11,17.75,2,"32.78"","
1712,A,"395,559",187,"6,774,904",17.20,17.25,17.05,17.15,-,0.05,17.10,80,17.15,14,"12.34"","
1713,,"27,385",27,"487,058",18.10,18.10,17.70,17.85,-,0.05,17.70,2,17.90,14,"37.19"","
1714,M,"987,701",327,"8,407,511",8.57,8.57,8.48,8.50,-,0.02,8.50,24,8.51,10,"16.67"","
1717,,"815,079",539,"23,912,968",29.55,29.55,29.25,29.30,-,0.25,29.30,31,29.35,36,"17.76"","
1718,,"3,637,959","1,561","34,517,622",9.50,9.54,9.45,9.50, ,0.00,9.49,8,9.50,110,"15.83"","
1720,F,"518,179",361,"18,174,384",34.90,35.35,34.60,35.05,+,0.55,35.00,3,35.05,7,"17.27"","
1721,T,"358,252",202,"4,605,908",13.10,13.15,12.65,12.65,-,0.35,12.60,21,12.65,43,"40.81"","
1722,x,"774,880",438,"29,873,651",38.35,38.65,38.35,38.65,+,0.30,38.65,83,38.70,22,"53.68"","
1723,,"537,299",475,"81,604,247",153.00,153.00,151.50,152.00,-,1.50,152.00,1,152.50,35,"30.40"","
1724,xv,"366,001",85,"5,200,164",13.90,14.40,13.90,14.25,+,0.35,14.25,2,14.30,14,"20.96"","
1725,,"1,021,150",349,"19,321,975",17.70,19.55,17.20,17.60,-,0.20,17.60,7,17.65,2,"13.75"","
1726,O,"23,236",23,"1,916,652",82.40,82.70,82.40,82.50, ,0.00,82.10,1,82.70,2,"16.91"","
1727,,"33,000",24,"478,800",14.45,14.60,14.45,14.55,+,0.05,14.50,3,14.55,5,"17.32"","
1730,Pl,"45,031",37,"2,072,537",45.85,46.05,45.85,46.00,-,0.15,46.00,2,46.05,6,"14.98"","
1731,^,"5,882,136","2,388","85,916,483",14.20,15.00,14.10,14.75,+,0.70,14.70,11,14.75,18,"22.69"","
1732,_,"71,104",29,"855,168",12.05,12.20,11.80,12.20,+,0.35,12.00,4,12.20,7,"71.76"","
1733,,"2,784,205","1,691","91,835,061",31.20,33.85,30.90,33.85,+,3.05,33.30,29,33.85,122,"39.36"","
1734,,"2,867,939","1,370","67,580,023",21.95,23.80,21.95,23.80,+,2.15,23.80,"1,960",--,0,"72.12"","
1735,,"48,039",18,"719,127",14.80,15.10,14.80,15.00,+,0.20,14.90,2,15.10,13,"23.81"","
1736,s,"94,140",86,"3,085,140",32.35,33.00,32.35,32.80,+,0.45,32.75,4,33.00,23,"27.80"","
1737,OQ,"297,691",158,"8,383,061",28.20,28.20,28.10,28.20,+,0.10,28.20,5,28.25,33,"15.93"","
1760,_IA,"2,298,837","1,877","212,682,247",94.00,94.80,90.00,90.70,-,2.20,90.60,8,90.70,4,"68.20"","
1762,,"564,988",430,"14,995,876",25.20,27.10,25.20,26.95,+,1.75,26.90,4,26.95,12,"31.34"","
1773,@,"74,949",69,"6,307,476",84.70,84.80,83.80,84.80, ,0.00,84.50,9,84.80,1,"14.47"","
1776,it,"96,000",68,"2,069,100",21.60,21.70,21.40,21.70,+,0.30,21.70,3,21.75,2,"15.50"","
1783,Md,"2,791,754","1,458","74,136,578",25.60,27.40,25.20,26.25,+,0.95,26.25,8,26.30,3,"114.13"","
1786,,"5,427,483","4,151","471,399,755",88.80,89.00,84.50,85.00,-,0.60,85.00,42,85.10,41,"257.58"","
1789,,"2,674,657","1,596","89,886,456",32.60,34.00,32.60,33.90,+,1.35,33.90,12,33.95,37,"63.96"","
1802,x,"1,304,847",588,"22,314,679",17.20,17.25,17.00,17.15,+,0.05,17.15,9,17.20,35,"59.14"","
1805,_t,"32,762",18,"357,316",10.90,10.95,10.90,10.95,+,0.05,10.90,3,10.95,6,"0.00"","
1806,ax,"326,013",180,"2,711,519",8.44,8.44,8.28,8.30,-,0.01,8.29,5,8.30,2,"0.00"","
1808,,"722,046",420,"37,371,975",51.30,52.10,51.30,51.50,-,0.20,51.50,58,51.60,1,"21.73"","
1809,V,"435,286",176,"5,483,259",12.65,12.70,12.50,12.50,-,0.10,12.50,19,12.60,4,"0.00"","
1810,M,"192,000",58,"1,817,490",9.45,9.52,9.42,9.52,+,0.08,9.52,2,9.53,14,"20.70"","
1817,,"102,000",67,"4,310,150",42.25,42.55,42.15,42.25,-,0.20,42.20,5,42.25,14,"11.80"","
1902,x,"174,493",92,"3,159,144",18.10,18.25,18.05,18.20,+,0.15,18.20,13,18.25,19,"31.38"","
1903,h,"16,081",88,"566,938",35.30,35.30,35.25,35.25,-,0.25,35.20,4,35.45,3,"0.00"","
1904,,"708,775",495,"11,508,234",16.30,16.30,16.20,16.25,+,0.10,16.20,1,16.25,72,"12.50"","
1905,,"2,848,273",670,"32,809,469",11.55,11.65,11.40,11.45,+,0.05,11.45,44,11.50,68,"20.45"","
1906,_,"130,000",90,"3,485,250",27.10,27.10,26.60,26.90, ,0.00,26.80,3,26.90,2,"9.71"","
1907,l,"2,593,043",875,"33,512,791",12.90,13.00,12.85,12.95,+,0.25,12.95,139,13.00,260,"13.35"","
1909,a,"1,549,447",988,"51,276,257",33.55,33.55,32.80,32.80,-,0.25,32.80,15,32.90,6,"9.59"","
2002,,"19,957,874","9,226","464,043,351",23.40,23.45,23.20,23.20,-,0.20,23.20,"3,104",23.25,61,"21.28"","
2002A,S,"29,000",10,"1,218,000",42.00,42.00,42.00,42.00, ,0.00,42.00,10,42.10,1,"0.00"","
2006,FMK,"652,076",338,"15,978,847",24.65,24.65,24.40,24.55,-,0.05,24.55,25,24.60,36,"14.36"","
2007,M,"41,553",30,"213,482",5.18,5.20,5.11,5.12,-,0.06,5.12,1,5.17,2,"0.00"","
2008,,"13,200",10,"166,109",12.75,12.75,12.65,12.65, ,0.00,12.65,9,12.75,2,"0.00"","
2009,@,"535,026",204,"5,981,789",11.25,11.25,11.10,11.20,+,0.10,11.15,39,11.25,59,"14.93"","
2010,K,"306,643",93,"3,424,451",11.15,11.25,11.10,11.25,+,0.15,11.15,10,11.25,19,"19.07"","
2012,KB,"284,153",102,"5,265,583",18.70,18.80,18.30,18.35,-,0.35,18.35,6,18.45,23,"20.85"","
2013,c,"5,413,232","2,228","124,619,979",21.70,23.65,21.40,23.65,+,2.15,23.65,408,--,0,"84.46"","
2014,E,"6,360,254","1,727","73,374,698",11.60,11.60,11.45,11.55,+,0.10,11.55,10,11.60,622,"6.35"","
2015,,"66,091",63,"3,883,557",58.60,59.10,58.60,58.60, ,0.00,58.60,7,58.90,16,"12.52"","
2017,x,"1,956,440",514,"21,613,201",11.30,11.30,10.85,10.85,-,0.30,10.85,32,10.90,2,"10.85"","
2020,,"2,579,800",887,"40,645,124",15.90,16.05,15.55,15.60,-,0.25,15.60,30,15.65,20,"10.40"","
2022,E,"875,148",241,"5,717,835",6.54,6.59,6.49,6.56,+,0.02,6.55,15,6.56,19,"0.00"","
2023,M,"1,643,303",481,"17,740,402",10.75,10.90,10.75,10.80,+,0.10,10.80,1,10.85,62,"9.91"","
2024,p,"405,258",125,"4,560,800",11.25,11.30,11.20,11.25, ,0.00,11.20,87,11.30,116,"10.71"","
2025,d,"894,018",87,"3,006,086",3.35,3.44,3.28,3.39,+,0.04,3.30,8,3.39,9,"6.16"","
2027,j,"5,516,740","2,146","153,568,664",27.70,28.30,27.55,27.85,+,0.15,27.85,13,27.90,4,"18.69"","
2028,P,"445,707",126,"4,557,570",10.20,10.30,10.05,10.05,-,0.15,10.05,5,10.10,16,"5.15"","
2029,l,"97,393",75,"2,650,267",27.15,27.35,27.10,27.30,+,0.15,27.30,23,27.35,9,"11.77"","
2030,,"755,972",284,"11,959,999",15.90,15.95,15.70,15.75,-,0.10,15.75,35,15.80,51,"7.95"","
2031,s,"31,240,262","10,706","1,025,737,426",31.70,34.10,31.70,33.65,+,2.30,33.65,6,33.70,77,"9.67"","
2032,s,"110,302",60,"1,117,499",10.20,10.20,10.05,10.15, ,0.00,10.10,34,10.20,41,"84.58"","
2033,j,"1,470,100",621,"23,997,085",16.50,16.70,16.10,16.20,+,0.10,16.15,59,16.20,2,"55.86"","
2034,j,"779,504",374,"20,247,958",26.00,26.10,25.90,25.95, ,0.00,25.95,20,26.00,52,"12.91"","
2038,,"4,451,501","1,352","53,451,662",11.75,12.25,11.60,12.05,+,0.45,12.05,8,12.10,68,"200.83"","
2049,W,"2,073,226","1,694","863,085,064",414.50,419.50,411.00,415.00,+,4.00,415.00,26,416.00,1,"42.48"","
2059,t,"110,067",101,"45,255,403",414.00,417.00,406.50,409.00,-,5.00,407.00,1,409.00,1,"42.87"","
2062,,"123,000",67,"4,366,650",35.30,35.60,35.30,35.45,+,0.05,35.45,3,35.55,2,"26.65"","
2069,B,"95,350",35,"2,286,200",24.00,24.05,23.95,23.95,+,0.05,23.95,5,24.00,12,"16.18"","
2101,n,"431,820",184,"11,075,946",25.70,25.75,25.50,25.60,-,0.05,25.60,13,25.75,19,"32.41"","
2102,,"592,568",228,"7,543,592",12.75,12.85,12.70,12.70,-,0.05,12.70,39,12.80,36,"0.00"","
2103,x,"762,237",541,"22,663,833",29.50,29.80,29.50,29.75,+,0.25,29.75,33,29.80,3,"28.07"","
2104,,"1,179,156","1,246","56,479,860",48.20,48.20,47.75,48.00, ,0.00,48.00,3,48.05,2,"12.80"","
2105,s,"11,437,689","6,186","539,451,184",47.20,47.65,46.90,47.35,-,0.45,47.30,68,47.35,55,"27.69"","
2106,j,"470,155",366,"17,264,866",37.00,37.00,36.50,36.65,-,0.45,36.60,6,36.70,2,"27.15"","
2107,p,"168,343",175,"2,513,552",15.00,15.00,14.90,15.00,+,0.10,14.95,9,15.00,72,"30.00"","
2108,n,"501,779",186,"11,821,754",23.55,23.70,23.45,23.50,-,0.10,23.50,1,23.55,5,"13.51"","
2109,,"625,176",213,"9,330,600",15.10,15.10,14.80,14.90, ,0.00,14.90,2,14.95,2,"0.00"","
2114,,"18,000",15,"1,654,100",92.00,92.00,91.80,91.90,+,0.80,91.80,2,91.90,6,"18.31"","
2115,u-KY,"41,001",31,"1,643,140",40.30,40.30,40.00,40.00,-,0.15,40.00,9,40.15,1,"11.98"","
2201,,"2,016,927",739,"45,544,251",22.60,22.65,22.50,22.55,-,0.05,22.55,102,22.60,580,"22.33"","
2204,,"623,481",396,"17,080,526",27.45,27.50,27.30,27.45,+,0.05,27.45,13,27.50,42,"10.52"","
2206,Tu~,"2,010,912",679,"43,082,001",21.40,21.55,21.10,21.50,+,0.20,21.50,136,21.55,4,"35.25"","
2207,M,"666,418",644,"194,543,556",296.50,300.00,289.50,290.50,-,6.00,290.50,37,291.00,1,"15.69"","
2208,x,"25,115,377","6,836","424,498,100",16.10,17.80,15.80,17.70,+,1.50,17.70,39,17.75,372,"0.00"","
2227,,"98,773",100,"26,492,164",265.00,270.00,265.00,267.50,+,2.50,267.50,1,268.00,5,"12.08"","
2228,C,"105,000",91,"10,366,400",98.50,99.20,98.50,98.70,-,0.70,98.60,3,99.00,2,"13.60"","
2231,,"328,483",318,"132,147,149",403.00,406.50,397.50,406.50,+,4.50,405.00,1,406.50,10,"40.65"","
2236,F-KY,"39,000",23,"1,986,200",51.20,51.30,50.60,50.70,-,0.30,50.70,4,50.90,1,"14.57"","
2239,^Q-KY,"84,000",73,"13,952,000",167.00,167.00,165.50,166.00,+,1.00,166.00,1,166.50,4,"17.03"","
2243,-KY,"8,000",8,"257,400",32.00,32.70,31.95,32.70,-,0.05,32.10,1,32.70,1,"31.14"","
2301,_,"4,792,323","2,565","194,330,230",40.60,40.90,40.20,40.70,+,0.10,40.65,72,40.70,8,"36.02"","
2302,R,"293,459",112,"1,891,501",6.45,6.49,6.42,6.48, ,0.00,6.47,14,6.48,1,"0.00"","
2303,pq,"37,000,161","5,574","566,069,488",15.35,15.45,15.20,15.30,-,0.10,15.30,"2,235",15.35,384,"19.37"","
2305,,"837,993",353,"8,226,840",9.90,9.93,9.73,9.73,-,0.08,9.73,6,9.78,26,"3.83"","
2308,xFq,"3,136,830","1,878","405,317,303",130.00,130.00,128.00,130.00,+,1.50,129.50,37,130.00,84,"18.36"","
2311,,"24,558,895","8,992","1,036,653,158",42.85,42.85,41.80,42.15,-,0.80,42.10,291,42.15,6,"15.55"","
2312,_,"1,221,270",377,"12,585,458",10.35,10.40,10.25,10.30, ,0.00,10.25,323,10.30,111,"36.79"","
2313,q,"9,246,104","4,135","278,346,590",30.25,30.35,29.90,30.00,+,0.10,29.95,251,30.00,24,"10.00"","
2314,x,"1,054,917",627,"29,251,647",27.85,28.20,27.50,27.65,-,0.35,27.65,2,27.70,3,"39.50"","
2316,q,"265,506",373,"4,522,825",17.05,17.10,17.00,17.00,+,0.10,17.00,16,17.05,4,"31.48"","
2317,E,"30,403,437","12,989","2,739,496,880",90.00,90.60,89.70,90.00,-,0.10,90.00,535,90.10,9,"11.48"","
2321,FT,"58,000",16,"162,700",2.80,2.83,2.80,2.80,-,0.04,2.78,3,2.80,109,"0.00"","
2323,,"3,598,993","1,038","16,552,448",4.63,4.65,4.57,4.57,-,0.04,4.57,123,4.58,5,"0.00"","
2324,_,"6,869,804","2,650","136,690,937",19.95,20.05,19.85,19.85,-,0.10,19.85,"1,309",19.90,83,"13.88"","
2325,~,"8,318,513","1,615","423,245,880",50.80,50.90,50.80,50.90,+,0.10,50.80,"1,183",50.90,"4,319","23.03"","
2327,,"4,480,335","3,595","2,297,741,525",508.00,525.00,502.00,520.00,+,25.00,519.00,11,520.00,6,"26.63"","
2328,st,"954,977",386,"21,293,788",22.40,22.45,22.15,22.25, ,0.00,22.20,16,22.25,49,"16.73"","
2329,,"736,099",252,"6,346,108",8.65,8.68,8.59,8.61,-,0.04,8.61,1,8.64,8,"0.00"","
2330,xnq,"36,427,345","12,832","8,888,435,870",243.00,247.00,242.50,244.00,-,1.00,244.00,"1,405",244.50,126,"18.44"","
2331,^,"668,780",334,"11,589,123",17.50,17.50,17.20,17.20, ,0.00,17.20,82,17.35,16,"13.33"","
2332,T,"4,785,102","1,095","54,675,003",11.35,11.55,11.25,11.45,+,0.20,11.40,46,11.45,314,"0.00"","
2337,,"33,942,400","14,307","1,653,378,745",48.60,49.20,47.75,49.10,+,0.80,49.10,522,49.15,107,"16.05"","
2338,n,"2,471,080",915,"44,711,839",18.50,18.55,18.00,18.10,-,0.35,18.10,28,18.15,11,"0.00"","
2340,U,"9,460,905","3,900","216,679,882",22.80,23.15,22.45,23.00,+,0.80,22.95,73,23.00,107,"15.23"","
2342,Z,"163,919",175,"4,547,203",28.10,28.10,27.50,27.85,-,0.25,27.50,1,27.85,11,"0.00"","
2344,q,"15,488,380","5,090","305,240,782",19.90,19.95,19.55,19.55,-,0.20,19.55,64,19.60,37,"14.06"","
2345,,"15,714,416","9,173","1,479,840,946",91.20,96.40,91.10,95.00,+,4.80,95.00,31,95.10,2,"21.21"","
2347,pj,"3,286,210","1,886","142,366,562",42.90,43.50,42.90,43.50,+,0.25,43.40,94,43.50,229,"11.85"","
2348,,"740,626",536,"42,794,209",58.40,58.50,56.00,58.50,+,5.30,58.50,30,--,0,"43.33"","
2349,w,"11,002,243","2,144","59,960,769",5.55,5.64,5.39,5.40,-,0.15,5.40,119,5.41,46,"0.00"","
2351,w,"1,241,359",952,"104,041,311",85.00,85.10,83.20,83.60,-,1.70,83.60,16,83.70,5,"21.27"","
2352,@F,"2,932,673","1,129","63,368,741",21.65,21.70,21.50,21.60,+,0.05,21.60,33,21.65,110,"7.77"","
2353,,"26,595,332","8,324","646,324,019",24.50,24.55,24.10,24.20,-,0.10,24.20,97,24.25,15,"26.02"","
2354,E,"2,042,582","1,535","159,786,075",78.20,78.50,78.00,78.10,-,0.30,78.10,76,78.20,4,"14.30"","
2355,qP,"1,993,120","1,416","102,942,710",52.30,52.60,51.00,52.20,-,0.50,52.20,59,52.40,11,"13.81"","
2356,^~F,"12,766,983","3,764","295,055,995",23.10,23.25,23.00,23.10,-,0.20,23.10,423,23.15,13,"12.35"","
2357,,"1,095,561",823,"297,988,363",273.50,273.50,271.00,271.50,-,3.00,271.50,21,272.00,1,"12.97"","
2358,,"238,332",157,"5,354,984",22.60,22.95,22.25,22.30,-,0.30,22.25,16,22.30,5,"0.00"","
2359,,"486,065",231,"10,984,762",22.50,22.90,22.45,22.50, ,0.00,22.50,18,22.60,3,"66.18"","
2360,PZ,"4,387,896","2,133","785,082,271",175.00,181.00,174.00,179.50,+,6.50,179.50,40,180.00,7,"28.77"","
2362,,"1,130,753",307,"33,579,298",29.85,29.95,29.35,29.65, ,0.00,29.65,15,29.70,25,"26.47"","
2363,,"1,931,729",522,"19,016,876",9.92,9.92,9.80,9.83,+,0.04,9.83,23,9.85,7,"0.00"","
2364,,"303,450",120,"840,149",2.78,2.78,2.73,2.76,-,0.02,2.71,18,2.76,59,"0.00"","
2365,,"373,496",113,"3,908,080",10.45,10.50,10.40,10.50,+,0.05,10.40,48,10.50,29,"52.50"","
2367,,"26,599,673","8,572","553,081,617",21.00,21.20,20.30,20.30,-,0.50,20.30,255,20.35,41,"18.13"","
2368,q,"5,906,784","1,329","59,086,034",9.90,10.10,9.81,9.83,+,0.13,9.83,6,9.84,3,"0.00"","
2369,,"1,270,407",794,"16,867,884",13.35,13.45,13.20,13.25,-,0.05,13.20,143,13.25,11,"37.86"","
2371,jP,"24,054,241","7,473","522,953,247",22.55,22.60,21.10,21.10,-,1.15,21.05,346,21.10,21,"703.33"","
2373,_,"48,882",54,"4,430,843",90.40,90.80,90.40,90.50,+,0.10,90.50,22,90.60,2,"14.37"","
2374,,"399,443",262,"7,753,363",19.35,19.55,19.35,19.40,+,0.05,19.40,2,19.45,1,"25.19"","
2375,_,"493,988",314,"21,615,369",44.10,44.45,43.50,43.90,-,0.05,43.60,6,43.90,3,"21.11"","
2376,,"4,044,842","2,648","274,325,209",67.70,68.40,67.10,67.90,+,1.10,67.90,4,68.00,28,"15.50"","
2377,LP,"8,281,652","4,776","813,393,863",98.40,99.40,97.20,97.70,-,0.10,97.70,22,97.80,7,"16.73"","
2379,R,"1,433,434","1,170","180,524,250",126.50,127.00,125.00,125.50,-,0.50,125.50,48,126.00,9,"18.73"","
2380,i,"249,260",131,"1,725,217",6.95,6.95,6.88,6.90,-,0.03,6.90,20,6.93,1,"0.00"","
2382,sF,"6,820,448","3,427","401,158,170",59.00,59.10,58.50,58.80,-,0.40,58.80,632,58.90,192,"15.76"","
2383,xq,"2,590,825","1,626","246,229,281",94.00,96.00,94.00,95.70,+,1.60,95.60,2,95.70,9,"10.96"","
2385,s,"854,000",702,"63,450,100",74.40,74.80,74.00,74.10,-,0.30,74.10,5,74.20,36,"12.23"","
2387,,"742,849",257,"12,460,297",16.60,17.00,16.60,16.70,+,0.10,16.65,65,16.70,26,"16.70"","
2388,,"2,905,651","1,192","119,647,888",40.25,42.00,40.25,40.55,+,0.40,40.50,89,40.55,3,"253.44"","
2390,,"785,001",398,"9,356,661",11.85,12.15,11.70,11.70,-,0.05,11.70,8,11.75,12,"0.00"","
2392,Q,"624,026",447,"25,444,256",40.70,41.00,40.50,40.80,-,0.25,40.75,109,40.95,1,"12.83"","
2393,,"571,991",400,"25,628,591",45.20,45.20,44.65,44.80,-,0.05,44.80,12,44.90,2,"13.83"","
2395,,"897,666",565,"187,851,023",211.50,211.50,208.00,209.00, ,0.00,209.00,110,209.50,21,"23.67"","
2397,q,"47,090",40,"3,048,032",64.70,65.00,64.10,64.80,+,0.10,64.50,6,64.80,5,"16.00"","
2399,M,"15,973,700","6,936","380,858,099",24.05,24.20,23.45,23.45,-,0.15,23.45,41,23.55,2,"37.22"","
2401,,"1,096,010",506,"17,452,159",15.95,16.05,15.85,15.90,+,0.05,15.90,10,15.95,20,"19.63"","
2402,,"327,034",182,"5,457,412",16.60,16.80,16.55,16.75,+,0.15,16.70,20,16.75,13,"0.00"","
2404,~,"1,626,868","1,042","107,191,038",65.90,66.40,65.40,65.50,-,0.20,65.40,50,65.50,5,"11.27"","
2405,E,"8,263,201","2,549","147,468,419",18.20,18.30,17.65,17.75,-,0.35,17.70,114,17.75,244,"0.00"","
2406,,"1,221,032",440,"18,404,380",15.15,15.25,15.00,15.00, ,0.00,15.00,119,15.05,2,"0.00"","
2408,n,"12,072,843","6,532","1,105,876,452",91.60,92.40,90.40,92.30,+,1.60,92.30,4,92.40,193,"6.79"","
2409,F,"43,372,412","8,040","587,778,716",13.55,13.65,13.50,13.50,-,0.05,13.50,"2,689",13.55,903,"4.02"","
2412,q,"7,288,039","4,461","817,400,368",112.50,112.50,111.50,111.50,-,1.00,111.50,459,112.00,92,"22.26"","
2413,,"194,078",70,"3,905,417",19.90,20.45,19.90,20.20,+,0.10,20.10,1,20.25,12,"0.00"","
2414,,"100,574",66,"2,062,165",20.45,20.55,20.45,20.50,+,0.05,20.45,17,20.55,6,"12.89"","
2415,s,"109,217",71,"2,413,411",22.10,22.50,22.00,22.05,-,0.30,22.05,11,22.10,1,"12.53"","
2417,,"1,024,319",335,"13,365,597",13.10,13.20,12.90,13.05,+,0.05,13.00,8,13.05,3,"0.00"","
2419,a,"2,083,842",865,"45,227,508",21.80,21.85,21.60,21.60, ,0.00,21.60,55,21.65,34,"15.88"","
2420,s,"500,149",263,"18,074,292",35.70,36.40,35.65,36.20,+,0.50,36.20,5,36.25,4,"10.34"","
2421,,"981,560",695,"44,466,636",45.80,46.40,45.05,45.05,-,0.75,45.05,42,45.10,16,"17.19"","
2423,Tn,"83,645",58,"1,986,101",23.90,24.10,23.60,23.90,-,0.05,23.65,1,23.90,3,"12.19"","
2424,,"3,524",6,"82,577",23.20,23.70,23.20,23.70,-,0.15,23.70,1,24.70,1,"0.00"","
2425,,"2,245,421","1,137","68,488,730",30.50,31.30,30.20,30.20, ,0.00,30.20,29,30.30,21,"604.00"","
2426,,"2,563,085",977,"42,613,088",16.60,16.75,16.40,16.60,+,0.20,16.60,32,16.65,3,"18.65"","
2427,Tq,"1,130,295",482,"13,567,690",12.15,12.25,11.90,11.90,-,0.25,11.85,287,11.90,22,"30.51"","
2428,,"657,538",419,"56,210,260",85.70,86.30,84.30,86.30,+,0.70,86.20,1,86.30,6,"10.20"","
2429,,0,0,0,--,--,--,--, ,0.00,13.85,1,14.65,7,"0.00"","
2430,[,"39,463",34,"952,531",24.15,24.20,24.10,24.20,+,0.05,24.15,3,24.20,2,"13.91"","
2431,p,"223,256",131,"3,377,663",15.10,15.30,15.05,15.10,-,0.05,15.10,26,15.15,7,"0.00"","
2433,q,"56,030",43,"2,701,302",48.25,48.30,48.05,48.15,+,0.15,48.05,2,48.15,2,"12.51"","
2434,,"449,624",289,"8,174,921",18.10,18.55,18.05,18.25,+,0.15,18.10,25,18.25,10,"0.00"","
2436,q,"451,298",295,"12,692,901",28.20,28.25,28.00,28.20,+,0.15,28.15,3,28.20,9,"27.92"","
2438,,"97,501",53,"971,238",9.55,10.20,9.55,9.86,+,0.30,9.86,1,10.00,2,"0.00"","
2439,,"1,609,678","1,250","269,724,882",166.00,169.00,166.00,167.00,+,1.00,167.00,44,167.50,62,"9.14"","
2440,,"1,001,000",475,"12,379,950",12.45,12.80,11.90,12.25,+,0.05,12.25,100,12.40,1,"20.08"","
2441,W,"308,904",245,"17,114,179",55.40,55.50,55.30,55.50,-,0.30,55.40,13,55.50,82,"12.59"","
2442,s,"557,720",181,"4,778,095",8.56,8.62,8.51,8.54,+,0.02,8.54,67,8.58,1,"0.00"","
2443,sQi,"209,966",88,"1,238,476",5.91,5.98,5.87,5.90,-,0.01,5.88,1,5.90,27,"0.00"","
2444,l,"6,888,206","1,469","214,414,386",30.80,31.75,30.35,31.00,+,0.20,30.85,2,31.00,18,"258.33"","
2448,q,"22,531,095","10,672","936,784,249",41.95,42.25,41.05,41.65,+,0.25,41.65,13,41.70,26,"27.22"","
2449,ql,"6,438,154","3,617","195,428,509",30.80,30.90,30.20,30.25,-,0.80,30.20,407,30.35,5,"16.53"","
2450,,"25,114",22,"1,312,578",52.20,52.40,52.00,52.30, ,0.00,52.30,2,52.50,15,"15.95"","
2451,,"419,231",336,"35,953,666",85.90,86.00,85.50,86.00,+,0.80,86.00,1,86.10,49,"13.94"","
2453,s,"432,000",201,"6,411,050",15.00,15.00,14.75,14.75,-,0.15,14.75,97,14.80,3,"16.21"","
2454,po,"6,907,204","4,704","2,319,100,669",337.50,341.00,331.00,331.00,-,2.00,331.00,48,332.00,5,"27.11"","
2455,s,"34,053,618","19,319","3,754,171,983",112.00,113.50,105.50,112.50,+,1.50,112.50,44,113.00,132,"52.82"","
2456,_Os,"2,903,645","2,075","300,028,580",104.00,105.50,101.00,104.00,+,1.00,103.50,51,104.00,11,"21.05"","
2457,,"688,784",306,"8,124,381",11.80,11.90,11.70,11.70, ,0.00,11.70,116,11.75,5,"585.00"","
2458,q,"2,756,099","1,734","123,010,956",45.10,45.35,44.25,44.25,-,0.75,44.25,13,44.30,21,"17.15"","
2459,N,"181,874",106,"7,900,776",43.50,43.85,43.35,43.45,-,0.20,43.40,14,43.45,36,"10.55"","
2460,q,"295,001",124,"4,974,866",17.10,17.10,16.75,16.75,-,0.05,16.75,5,16.85,21,"0.00"","
2461,sp,"1,162,101",438,"19,148,711",16.25,16.60,16.25,16.45,+,0.15,16.45,27,16.50,2,"10.35"","
2462,}oq,"90,551",44,"2,636,787",29.20,29.30,29.00,29.25,+,0.05,29.15,20,29.25,1,"34.01"","
2464,,"1,643,298",900,"74,244,917",45.80,45.90,44.90,45.00,-,0.60,44.95,28,45.00,50,"20.93"","
2465,RO,"801,779",454,"19,622,370",24.00,25.10,23.80,24.85,+,1.25,24.80,10,24.85,24,"0.00"","
2466,aq,"130,266",50,"4,942,754",38.00,38.05,37.80,38.05,+,0.05,37.85,1,38.05,2,"345.91"","
2467,t,"245,047",141,"6,523,507",26.60,26.80,26.60,26.60,-,0.15,26.60,135,26.70,5,"11.22"","
2468,g,"146,000",86,"1,927,200",13.50,13.50,13.00,13.10,-,0.05,13.10,6,13.25,1,"22.20"","
2471,q,"49,106",31,"746,521",15.25,15.30,15.15,15.25,+,0.05,15.10,7,15.25,24,"14.66"","
2472,q,"344,850",250,"18,452,303",53.60,54.20,53.10,53.30,-,0.20,53.30,5,53.40,1,"14.93"","
2474,i,"2,914,726","2,068","1,058,867,170",361.50,365.50,361.50,361.50,-,2.50,361.50,22,362.50,2,"12.75"","
2475,M,"4,216,299",314,"9,713,450",2.29,2.31,2.29,2.30, ,0.00,2.29,507,2.30,20,"5.00"","
2476,d,"150,761",112,"3,851,405",25.60,25.80,25.45,25.55,-,0.05,25.45,17,25.55,1,"12.17"","
2477,q,"285,198",157,"8,646,568",31.00,31.00,29.95,29.95,-,0.50,29.95,3,30.00,27,"16.73"","
2478,j,"673,572",446,"22,440,904",33.40,33.50,33.15,33.20,+,0.45,33.20,1,33.25,7,"31.92"","
2480,,"58,000",90,"2,119,878",36.45,36.70,36.45,36.60,+,0.05,36.60,2,36.65,28,"12.75"","
2481,jZ,"27,563,366","12,470","1,299,721,119",46.80,48.35,46.25,48.35,+,1.85,48.30,10,48.35,24,"0.00"","
2482,st,"61,000",47,"787,150",12.90,12.95,12.85,12.90, ,0.00,12.90,8,12.95,1,"0.00"","
2483,e,"167,000",80,"3,772,450",22.65,22.70,22.50,22.65, ,0.00,22.65,17,22.70,3,"15.51"","
2484,,"618,437",368,"12,543,268",20.40,20.50,20.10,20.10,-,0.25,20.10,19,20.30,39,"19.14"","
2485,,"2,658,949","1,514","72,947,469",27.70,27.95,27.15,27.35,-,0.05,27.35,23,27.40,16,"54.70"","
2486,@,"320,104",134,"3,277,802",10.25,10.35,10.20,10.20, ,0.00,10.20,29,10.25,5,"0.00"","
2488,~,"333,200",136,"9,138,593",27.35,28.00,27.35,27.35, ,0.00,27.35,8,27.40,11,"11.54"","
2489,a,"6,379,985","2,632","91,068,251",14.50,14.60,14.10,14.20,-,0.40,14.15,140,14.20,10,"0.00"","
2491,N,"117,028",27,"864,551",7.76,7.76,7.23,7.36,-,0.18,7.37,1,7.54,2,"14.43"","
2492,s,"8,447,187","5,565","986,385,066",117.00,119.50,114.00,118.50,+,3.50,118.50,10,119.00,97,"21.94"","
2493,,"168,105",107,"4,398,575",26.20,26.20,26.10,26.20,+,0.05,26.15,43,26.25,13,"12.13"","
2495,w,"84,100",40,"1,118,330",13.20,13.40,13.20,13.30,+,0.10,13.30,11,13.35,16,"31.67"","
2496,V,"195,284",203,"32,451,360",162.50,169.00,161.50,165.00,+,4.00,165.00,3,167.00,9,"17.61"","
2497,Qq,"69,000",43,"1,899,200",27.50,27.70,27.45,27.55,+,0.05,27.50,10,27.60,5,"0.00"","
2498,Fq,"8,662,294","4,959","577,101,578",66.10,67.30,66.10,66.30,+,0.10,66.30,14,66.40,79,"0.00"","
2499,F,"1,071,201",378,"10,389,360",9.74,9.75,9.66,9.71,-,0.05,9.71,3,9.72,15,"0.00"","
2501,,"349,729",123,"5,397,923",15.45,15.50,15.35,15.50,+,0.05,15.45,16,15.50,24,"8.81"","
2504,,"579,601",524,"5,426,701",9.35,9.40,9.34,9.38,+,0.05,9.37,10,9.38,15,"0.00"","
2505,,"1,212,878",573,"19,964,783",15.85,16.80,15.85,16.55,+,0.70,16.55,9,16.60,37,"66.20"","
2506,],"223,967",78,"2,683,797",11.75,12.10,11.75,12.00,+,0.25,11.95,2,12.00,21,"400.00"","
2509,[,"265,365",150,"7,246,267",27.20,27.80,26.95,27.10,-,0.35,27.10,9,27.25,2,"142.63"","
2511,l,"473,908",213,"5,625,053",11.90,11.95,11.85,11.85,-,0.05,11.85,141,11.90,4,"15.00"","
2514,s,"5,943,441",327,"83,807,695",14.05,14.15,14.00,14.10,+,0.05,14.05,106,14.10,1,"6.13"","
2515,u,"10,259,497","2,374","82,334,789",7.90,8.11,7.90,8.02,+,0.12,8.02,39,8.03,4,"40.10"","
2516,s,"1,102,944",146,"7,159,969",6.63,6.63,6.43,6.44,-,0.16,6.44,24,6.48,50,"0.00"","
2520,aw,"1,721,250",987,"35,501,928",20.85,20.90,20.50,20.50,-,0.40,20.50,29,20.60,1,"25.00"","
2524,,"125,135",68,"2,786,609",22.40,22.45,22.15,22.20,-,0.30,22.20,2,22.40,9,"10.88"","
2527,[,"1,118,282",579,"33,010,006",29.85,29.90,29.10,29.30,-,0.35,29.25,2,29.30,2,"0.00"","
2528,,"95,461",27,"1,823,801",18.70,19.20,18.70,19.20, ,0.00,19.05,2,19.20,10,"0.00"","
2530,,"180,970",247,"2,685,523",15.00,15.00,14.80,14.85, ,0.00,14.80,1,14.85,15,"0.00"","
2534,,"5,804,121","1,796","177,329,869",30.50,30.80,30.25,30.40,-,0.10,30.40,112,30.45,1,"7.66"","
2535,FYu,"1,165,300",463,"23,436,228",20.05,20.20,20.05,20.15,+,0.10,20.10,19,20.15,49,"9.50"","
2536,,"710,315",240,"15,276,384",21.45,21.65,21.40,21.50,+,0.05,21.50,5,21.60,4,"9.15"","
2537,pWo,"716,447",269,"5,741,487",8.09,8.09,7.97,7.97,-,0.13,7.96,42,8.00,7,"0.00"","
2538,,"481,158",112,"4,932,061",10.30,10.30,10.20,10.25,-,0.05,10.25,20,10.30,164,"85.42"","
2539,,"120,098",93,"3,517,804",29.10,29.40,29.10,29.15,+,0.15,29.15,2,29.40,5,"11.17"","
2540,RsL,"1,393,098",495,"39,735,528",27.90,29.40,26.70,28.60,+,0.60,28.45,1,28.60,1,"238.33"","
2542,Io,"2,257,512","1,353","101,586,590",45.10,45.35,44.85,44.90,-,0.40,44.90,122,45.00,21,"26.57"","
2543,,"2,550",5,"20,884",8.29,8.29,8.14,8.14,-,0.14,8.17,2,8.28,1,"90.44"","
2545,,"105,200",80,"3,101,980",29.25,29.65,29.25,29.45,+,0.05,29.45,4,29.65,7,"42.07"","
2546,,"576,935",516,"13,926,872",24.35,24.45,24.00,24.40,-,0.05,24.40,10,24.45,1,"8.78"","
2547,,"673,608",187,"7,592,003",11.25,11.40,11.15,11.40,+,0.10,11.35,23,11.40,47,"0.00"","
2548,T,"502,926",477,"36,115,572",71.70,72.00,71.50,71.90,+,0.20,71.80,30,71.90,2,"9.14"","
2597,,"9,000",7,"342,350",38.00,38.35,38.00,38.35,+,0.35,38.05,1,38.35,2,"15.04"","
2601,q,"949,016",313,"8,063,672",8.43,8.61,8.43,8.48,+,0.07,8.48,1,8.49,6,"53.00"","
2603,a,"13,602,346","3,879","205,027,106",15.15,15.20,15.00,15.05,-,0.05,15.05,43,15.10,207,"8.60"","
2605,s,"1,111,500",612,"19,560,641",17.70,17.75,17.50,17.75,+,0.10,17.70,51,17.75,16,"19.72"","
2606,,"559,300",312,"19,452,042",34.55,34.95,34.55,34.85,+,0.35,34.80,1,34.85,2,"29.53"","
2607,aB,"274,800",123,"3,611,739",13.20,13.25,13.10,13.10,-,0.05,13.10,112,13.25,32,"17.95"","
2608,ja,"52,668",62,"1,993,926",37.95,37.95,37.80,37.85,-,0.15,37.85,5,37.95,20,"15.20"","
2609,,"1,753,865",513,"18,251,189",10.40,10.50,10.35,10.40, ,0.00,10.35,341,10.40,8,"74.29"","
2610,,"6,168,860","2,163","65,586,006",10.70,10.70,10.60,10.65,-,0.05,10.60,973,10.65,203,"26.63"","
2611,H,"207,402",67,"1,507,056",7.26,7.35,7.25,7.26,+,0.01,7.25,37,7.28,3,"0.00"","
2612,,"158,257",61,"4,645,753",29.30,29.50,29.10,29.15,+,0.25,29.10,5,29.15,4,"0.00"","
2613,d,"32,512",21,"413,049",12.70,12.75,12.65,12.75, ,0.00,12.70,2,12.75,4,"24.52"","
2614,F,"6,451,531","1,533","95,193,493",14.90,15.05,14.60,14.70,-,0.20,14.70,61,14.75,42,"0.00"","
2615,U,"1,749,481",688,"31,335,332",18.00,18.00,17.85,17.90, ,0.00,17.90,74,17.95,22,"15.57"","
2616,s,"86,087",93,"2,868,008",33.15,33.40,33.15,33.40,+,0.25,33.35,10,33.40,5,"8.15"","
2617,x,"332,000",112,"4,995,450",15.05,15.15,15.00,15.00,-,0.10,14.95,32,15.05,2,"46.88"","
2618,a,"5,351,541","2,225","79,687,941",14.90,15.00,14.80,14.95,+,0.05,14.95,108,15.00,489,"10.83"","
2630,,"31,000",18,"988,250",32.00,32.00,31.80,31.95,+,0.15,31.80,20,31.95,1,"28.03"","
2633,xWK,"2,778,811","1,592","62,101,417",22.60,22.60,22.30,22.30,-,0.15,22.30,125,22.35,109,"23.47"","
2634,~,"809,221",479,"27,633,454",34.00,34.25,34.00,34.25,+,0.25,34.20,3,34.25,4,"18.41"","
2636,x~,"4,552,776","2,216","113,837,269",24.40,25.40,24.40,25.40,+,1.30,25.35,29,25.40,47,"12.27"","
2637,zv-KY,"302,694",165,"8,339,175",27.55,27.80,27.50,27.70,-,0.15,27.55,2,27.70,44,"40.74"","
2642,vtq,"51,001",34,"1,394,227",27.35,27.40,27.25,27.25,-,0.10,27.20,6,27.40,13,"21.98"","
2701,U,"69,676",54,"914,064",13.15,13.20,13.10,13.10,-,0.05,13.10,18,13.20,10,"14.40"","
2702,,"43,249",20,"642,835",14.90,14.90,14.85,14.90,-,0.05,14.85,5,14.95,10,"0.00"","
2704,,"65,577",96,"1,522,997",23.10,23.30,23.05,23.25,-,0.05,23.20,9,23.25,3,"19.21"","
2705,,"101,020",240,"752,639",7.42,7.48,7.42,7.45,+,0.01,7.45,16,7.48,29,"0.00"","
2706,@,"118,840",60,"1,797,782",15.10,15.20,15.05,15.15,+,0.10,15.15,1,15.20,24,"15.46"","
2707,,"116,112",93,"17,575,579",151.00,152.00,151.00,151.50,+,0.50,151.00,12,151.50,11,"18.12"","
2712,,"8,073",8,"209,640",25.75,26.10,25.75,26.10,+,0.05,25.90,1,26.10,2,"163.13"","
2722,L,"18,204",19,"625,048",34.05,34.60,33.70,34.50,X,0.00,33.90,3,34.50,2,"39.20"","
2723,-KY,"199,620",157,"75,462,480",378.50,380.00,375.00,379.00, ,0.00,379.00,7,380.00,12,"28.89"","
2727,~,"179,430",134,"23,086,250",129.50,130.00,127.50,128.50,-,0.50,128.00,9,128.50,1,"21.38"","
2731,,"166,030",140,"20,026,190",120.50,122.50,120.00,120.00,-,0.50,120.00,12,121.00,8,"18.49"","
2739,H,"41,000",16,"1,605,050",39.35,39.45,39.00,39.00, ,0.00,39.00,3,39.15,1,"36.79"","
2748,~,"33,100",29,"1,935,770",58.00,59.00,58.00,58.40,+,1.30,58.20,6,58.40,7,"16.78"","
2801,,"7,622,311","2,165","128,810,956",16.95,16.95,16.85,16.85,-,0.15,16.85,"2,109",16.90,20,"13.16"","
2809,,"815,363",578,"30,109,290",37.25,37.25,36.80,36.90,-,0.40,36.90,34,36.95,22,"7.53"","
2812,x,"5,590,353","1,446","57,057,222",10.25,10.25,10.15,10.20,-,0.05,10.20,88,10.25,"1,249","9.27"","
2816,O,"517,526",198,"9,480,800",18.15,18.60,18.15,18.45,+,0.30,18.45,10,18.50,14,"5.91"","
2820,,"586,753",188,"8,792,089",15.00,15.10,14.95,15.00,-,0.10,14.95,177,15.05,25,"14.85"","
2823,,"6,071,750","2,970","183,189,160",30.40,30.40,30.00,30.25,-,0.15,30.25,11,30.30,25,"12.60"","
2832,x,"120,200",49,"2,483,757",20.75,20.75,20.65,20.65,-,0.10,20.65,35,20.70,11,"9.10"","
2834,O,"16,166,021","2,610","140,495,020",8.69,8.71,8.68,8.70,+,0.01,8.70,"2,739",8.71,"1,206","10.61"","
2836,,"561,471",116,"5,241,612",9.34,9.37,9.31,9.31,-,0.03,9.31,46,9.35,10,"20.69"","
2838,p,"1,204,305",150,"11,433,996",9.49,9.53,9.49,9.50,+,0.01,9.50,18,9.51,15,"9.41"","
2838A,pS,"224,357",99,"11,385,799",50.70,50.80,50.70,50.70, ,0.00,50.70,177,50.80,41,"0.00"","
2841,x},"759,587",244,"7,279,210",9.59,9.61,9.56,9.59, ,0.00,9.58,2,9.59,16,"23.39"","
2845,F,"1,223,703",406,"11,965,728",9.78,9.79,9.75,9.78, ,0.00,9.78,71,9.79,175,"9.59"","
2849,w,"79,123",32,"1,058,047",13.50,13.50,13.10,13.45,-,0.05,13.45,3,13.50,6,"11.12"","
2850,s,"76,345",53,"2,334,823",30.80,30.80,30.55,30.55, ,0.00,30.50,25,30.55,4,"7.07"","
2851,AO,"619,310",264,"11,709,906",18.85,18.95,18.85,18.90,+,0.10,18.85,94,18.95,65,"7.65"","
2852,@O,"523,979",194,"7,248,457",14.00,14.00,13.70,13.85,-,0.25,13.85,2,13.90,32,"9.05"","
2855,@,"877,686",302,"12,880,261",14.65,14.75,14.60,14.70,+,0.05,14.65,171,14.70,9,"7.82"","
2856,I,"1,738,996",408,"16,015,654",9.24,9.24,9.19,9.24,-,0.02,9.23,12,9.25,24,"15.40"","
2867,T,"1,746,466",532,"26,993,619",15.40,15.50,15.35,15.50,+,0.10,15.45,45,15.50,293,"9.34"","
2880,n,"6,414,729","2,925","112,339,519",17.55,17.55,17.50,17.50,-,0.05,17.50,493,17.55,220,"14.46"","
2881,I,"8,634,437","3,377","433,048,857",50.50,50.50,50.00,50.10,-,0.20,50.10,98,50.20,6,"10.37"","
2881A,IS,"115,165",37,"7,544,173",65.40,65.60,65.40,65.60,+,0.10,65.50,24,65.60,117,"0.00"","
2882,,"13,176,802","5,027","685,724,584",52.40,52.50,51.80,51.80,-,0.70,51.80,712,51.90,1,"12.22"","
2882A,S,"482,335",29,"30,724,337",63.70,63.70,63.60,63.70, ,0.00,63.60,12,63.70,24,"0.00"","
2883,}o,"36,159,700","6,765","372,682,302",10.35,10.40,10.25,10.30,-,0.05,10.30,"1,982",10.35,"2,102","14.31"","
2884,s,"14,345,266","3,839","280,220,043",19.50,19.65,19.45,19.60,+,0.10,19.55,404,19.60,236,"13.52"","
2885,j,"25,126,909","3,909","334,392,700",13.35,13.40,13.20,13.35,-,0.05,13.30,"1,042",13.35,249,"10.11"","
2886,,"22,625,818","4,809","567,064,796",25.10,25.15,25.00,25.05, ,0.00,25.05,342,25.10,36,"12.65"","
2887,xs,"18,193,305","3,600","260,084,054",14.35,14.40,14.25,14.30,-,0.05,14.25,"3,431",14.30,47,"11.82"","
2887E,xsS,"354,751",49,"19,277,903",54.30,54.50,54.30,54.30,+,0.10,54.30,141,54.40,106,"0.00"","
2888,s,"84,580,696","11,709","940,746,218",11.30,11.30,11.00,11.05,-,0.30,11.05,"8,843",11.10,116,"10.73"","
2889,,"4,242,851","1,149","43,235,089",10.20,10.20,10.15,10.20,+,0.05,10.20,52,10.25,751,"11.86"","
2890,,"18,997,302","3,755","196,407,960",10.40,10.40,10.30,10.30,-,0.10,10.30,805,10.35,182,"13.92"","
2891,H,"30,623,817","8,473","642,531,107",21.00,21.05,20.90,20.90,-,0.10,20.90,"1,809",20.95,559,"11.12"","
2891B,HAS,"212,291",55,"12,918,019",60.80,60.90,60.80,60.90,+,0.10,60.80,129,60.90,4,"0.00"","
2892,@,"14,223,906","3,650","286,956,440",20.20,20.25,20.10,20.25,+,0.05,20.20,419,20.25,"1,062","15.94"","
2897,D,"449,900",123,"3,916,942",8.70,8.73,8.69,8.72,+,0.02,8.72,30,8.73,30,"16.77"","
2901,YY,"5,001",4,"126,625",25.20,25.40,25.20,25.40, ,0.00,25.20,3,25.40,2,"54.04"","
2903,,"2,128,416",686,"34,469,083",16.05,16.25,16.05,16.25,+,0.20,16.20,64,16.25,203,"18.06"","
2904,,"28,002",24,"507,786",18.05,18.20,18.05,18.10,+,0.10,18.10,1,18.20,1,"13.02"","
2905,T,"212,572",143,"5,342,201",25.15,25.20,25.05,25.15,+,0.10,25.10,37,25.15,1,"8.82"","
2906,L,"47,471",19,"520,081",10.95,11.00,10.90,10.90,-,0.10,10.90,13,10.95,2,"20.19"","
2908,SO,"768,539",191,"17,903,781",23.15,23.50,23.10,23.50,+,0.35,23.40,2,23.50,48,"14.60"","
2910,,120,1,"3,234",--,--,--,--, ,0.00,26.40,1,28.05,1,"81.67"","
2911,R,"543,644",262,"6,658,553",12.30,12.35,12.20,12.25, ,0.00,12.20,21,12.25,15,"5.89"","
2912,@W,"805,225",730,"236,978,875",298.00,298.00,293.00,293.00,-,4.00,293.00,43,294.00,43,"9.82"","
2913,AL,"260,821",134,"3,840,318",14.70,14.80,14.70,14.70, ,0.00,14.70,162,14.80,110,"18.15"","
2915,,"5,460,262","2,624","310,302,399",57.50,57.70,56.30,56.30,-,0.70,56.30,14,56.40,23,"3.75"","
2923,T-KY,"3,100",3,"59,535",19.20,19.20,19.20,19.20,+,0.30,18.65,1,18.95,2,"240.00"","
2929,^-KY,"495,298",399,"50,629,896",103.00,103.00,101.50,102.00,-,0.50,102.00,2,102.50,5,"8.79"","
2936,F-KY,"114,312",68,"3,081,374",26.60,27.30,26.60,27.30,+,0.30,27.30,1,27.40,2,"73.78"","
2939,-KY,"209,029",173,"40,958,300",194.50,197.50,194.50,197.00,+,3.50,196.00,1,197.00,1,"10.57"","
3002,,"44,000",21,"554,800",12.75,12.75,12.55,12.75, ,0.00,12.70,1,12.75,2,"16.35"","
3003,M,"519,422",285,"27,575,549",52.90,53.50,52.90,53.00,-,0.60,53.00,18,53.10,23,"16.56"","
3004,F,"110,008",77,"5,779,016",53.40,53.40,52.10,52.10,+,0.20,52.10,7,52.40,11,"14.80"","
3005,,"4,366,650","2,252","184,224,596",43.15,43.30,41.70,41.85,-,1.35,41.85,2,41.90,1,"10.06"","
3006,,"2,789,893","1,594","123,453,584",44.60,44.70,43.85,44.50,+,0.40,44.45,18,44.50,12,"13.99"","
3008,j,"570,705",969,"1,913,818,225","3,415.00","3,415.00","3,315.00","3,315.00",-,50.00,"3,315.00",1,"3,320.00",1,"17.12"","
3010,,"103,109",97,"6,002,052",57.90,58.50,57.90,58.20,+,0.10,58.10,9,58.30,9,"11.00"","
3011,q,"230,000",72,"1,818,160",7.88,7.99,7.85,7.90,+,0.02,7.90,34,7.95,5,"0.00"","
3013,q,"865,100",397,"17,413,160",20.00,20.30,20.00,20.25,+,0.25,20.10,6,20.25,18,"16.20"","
3014,p,"1,297,592",746,"49,512,907",37.75,38.50,37.70,38.35,+,0.60,38.30,5,38.35,3,"15.91"","
3015,~,"133,130",91,"3,251,434",24.55,24.55,24.30,24.35,-,0.05,24.35,10,24.40,5,"14.85"","
3016,,"3,860,620","2,147","141,561,673",36.45,37.20,36.25,36.35,+,0.35,36.35,9,36.40,35,"53.46"","
3017,_b,"804,277",457,"23,462,988",29.00,29.35,29.00,29.10,+,0.10,29.10,2,29.20,69,"11.59"","
3018,P},"2,129,637",994,"189,599,419",90.80,91.00,86.50,88.00,+,1.40,87.90,51,88.00,54,"225.64"","
3019,,"4,038,943","2,762","420,943,572",105.50,106.00,103.00,103.00,-,1.00,103.00,385,103.50,21,"46.61"","
3021,EW,"173,520",79,"2,622,003",15.40,15.40,15.00,15.05,-,0.20,15.00,18,15.05,1,"13.20"","
3022,jq,"248,296",175,"9,405,147",37.90,38.10,37.75,37.85,-,0.05,37.85,3,37.95,13,"9.93"","
3023,H,"1,062,570",790,"81,352,860",76.80,76.90,76.20,76.60,+,0.10,76.50,64,76.60,55,"14.08"","
3024,n,"134,425",42,"907,737",6.73,6.79,6.72,6.77,+,0.04,6.76,5,6.77,2,"2.31"","
3025,Pq,"172,001",91,"2,960,517",17.00,17.35,17.00,17.10, ,0.00,17.10,10,17.30,2,"77.73"","
3026,,"9,294,398","5,798","1,229,809,740",133.50,135.50,129.50,130.00,-,0.50,130.00,402,131.50,10,"23.38"","
3027,F,"183,918",180,"1,961,699",10.60,10.75,10.60,10.65, ,0.00,10.65,7,10.70,25,"0.00"","
3028,WAj,"670,817",327,"15,358,409",22.85,22.95,22.85,22.90,+,0.05,22.90,8,22.95,111,"12.79"","
3029,s,"1,451,776",745,"30,892,182",21.40,21.55,21.00,21.10,+,0.10,21.10,33,21.20,36,"13.19"","
3030,w,"1,100,737",687,"58,834,285",53.10,54.10,52.60,52.90,-,0.30,52.90,16,53.00,1,"20.99"","
3031,E,"1,811,460",935,"31,353,401",16.95,17.70,16.75,17.50,+,0.80,17.50,10,17.55,7,"15.63"","
3032,V,"62,731",46,"2,100,237",33.40,33.75,33.30,33.75,+,0.35,33.60,6,33.80,3,"10.42"","
3033,,"2,414,495","1,197","52,999,914",21.60,22.30,21.60,21.95,+,0.40,21.95,76,22.00,15,"11.26"","
3034,p,"3,021,092","2,249","399,452,577",130.00,134.00,130.00,132.00,+,2.50,132.00,168,132.50,9,"15.98"","
3035,,"2,454,717","2,062","170,511,631",69.80,70.20,68.80,69.40,+,0.10,69.40,11,69.50,14,"20.65"","
3036,,"1,394,308",982,"65,560,026",46.90,47.15,46.80,47.10,+,0.20,47.05,10,47.10,42,"11.11"","
3037,Y,"12,535,562","3,914","237,911,527",19.25,19.35,18.80,18.85,-,0.35,18.85,14,18.90,121,"67.32"","
3038,x,"113,593",42,"1,130,477",9.96,9.98,9.93,9.95,+,0.01,9.95,22,9.97,3,"30.15"","
3040,,"457,949",298,"28,334,353",62.30,62.40,61.60,61.60,-,0.30,61.60,2,61.80,16,"5.57"","
3041,,"1,635,889",638,"25,028,894",15.45,15.50,15.20,15.25,-,0.25,15.25,21,15.30,65,"0.00"","
3042,,"294,956",250,"11,499,064",38.85,39.15,38.80,39.15,+,0.30,39.15,161,39.20,15,"11.83"","
3043,,"58,640",20,"149,562",2.55,2.55,2.55,2.55,-,0.04,2.55,4,2.58,6,"0.00"","
3044,,"1,797,262","1,196","177,673,138",100.00,100.50,98.10,98.10,-,2.90,98.10,7,98.40,10,"11.81"","
3045,xWj,"4,920,004","1,402","534,159,436",109.00,109.00,108.00,109.00,+,0.50,108.50,475,109.00,"1,520","20.92"","
3046,,"2,116",33,"47,605",23.30,23.30,23.30,23.30,+,0.35,22.30,1,23.30,3,"0.00"","
3047,T,"229,278",74,"2,035,312",8.90,8.90,8.84,8.90,-,0.01,8.86,2,8.90,4,"0.00"","
3048,qn,"1,771,882",953,"32,674,480",18.85,18.90,18.20,18.30,-,0.50,18.30,12,18.35,2,"11.23"","
3049,M,"628,490",245,"5,014,230",7.97,8.02,7.95,7.97,-,0.01,7.97,7,7.99,7,"41.95"","
3050,w,"533,704",204,"6,571,855",12.25,12.40,12.20,12.30,+,0.10,12.25,12,12.30,21,"12.42"","
3051,OS,"1,037,357",414,"4,511,397",4.42,4.43,4.27,4.34,-,0.10,4.34,10,4.40,2,"86.80"","
3052,,"100,151",160,"813,808",8.12,8.20,8.08,8.08,-,0.04,8.07,1,8.08,12,"8.08"","
3054,UQ,"39,000",26,"798,850",20.85,20.85,20.40,20.40,-,0.05,20.40,5,20.45,3,"29.57"","
3055,,"515,213",302,"15,291,840",29.70,29.90,29.50,29.70, ,0.00,29.65,1,29.80,1,"40.68"","
3056,`,"702,480",327,"15,680,850",22.40,22.40,22.25,22.30,-,0.10,22.30,4,22.35,36,"6.90"","
3057,,"117,199",121,"1,144,021",9.73,9.82,9.73,9.75,+,0.02,9.74,32,9.80,5,"0.00"","
3058,w,"124,028",49,"1,064,767",8.64,8.64,8.54,8.60,-,0.04,8.57,8,8.60,6,"0.00"","
3059,,"5,065,115","2,197","150,272,459",29.50,30.10,29.25,29.35,+,0.45,29.35,8,29.40,2,"587.00"","
3060,,"311,257",202,"7,274,279",23.50,23.60,23.25,23.35,-,0.15,23.30,12,23.40,5,"58.38"","
3062,~,"999,836",553,"18,852,596",19.05,19.25,18.60,18.60,-,0.50,18.60,24,18.65,10,"31.00"","
3090,qT,"3,692,580","2,159","191,313,040",51.80,52.50,50.90,52.50,+,1.50,52.40,9,52.50,1,"15.04"","
3094,p,"225,041",127,"5,091,570",22.60,22.70,22.60,22.60,-,0.10,22.60,6,22.65,1,"36.45"","
3130,@s|,"5,274",9,"931,272",178.50,178.50,176.00,176.00,-,2.50,176.00,6,178.00,1,"18.37"","
3149,F,"101,428",75,"1,667,468",16.30,16.50,16.30,16.35,-,0.05,16.35,1,16.45,1,"163.50"","
3164,,"808,200",473,"21,547,359",27.30,27.30,26.20,26.25,-,0.70,26.20,27,26.40,14,"0.00"","
3167,jq,"516,400",303,"26,349,240",51.70,51.90,50.50,50.90,-,0.60,50.90,1,51.00,20,"11.76"","
3189,,"1,587,320",971,"89,160,679",56.70,56.80,55.80,55.80,-,0.20,55.80,11,56.00,7,"50.73"","
3209,,"976,527",518,"20,883,541",21.15,21.60,21.15,21.25,+,0.25,21.25,1,21.30,12,"12.14"","
3229,g,"81,000",38,"1,532,950",18.80,19.00,18.80,18.90,+,0.10,18.90,1,19.00,15,"0.00"","
3231,n,"17,311,466","5,566","434,601,650",25.30,25.35,24.95,24.95,-,0.35,24.90,499,24.95,304,"17.09"","
3257,iaq,"100,831",103,"6,059,340",61.00,61.00,59.70,59.80,-,0.70,59.80,1,60.30,1,"49.42"","
3266,@,"137,000",19,"1,510,050",11.05,11.05,11.00,11.05,-,0.05,11.00,31,11.10,10,"138.13"","
3296,w,"44,100",25,"644,565",14.75,14.75,14.55,14.65,-,0.10,14.55,6,14.70,8,"18.09"","
3305,@T,"76,563",41,"1,918,863",25.55,25.55,25.00,25.25,-,0.20,25.00,9,25.25,4,"28.37"","
3308,pw,"130,159",74,"1,236,314",9.55,9.65,9.44,9.45,-,0.10,9.44,5,9.45,3,"0.00"","
3311,u,"1,822,957",415,"30,099,689",16.25,16.85,16.25,16.40,+,0.30,16.40,27,16.50,3,"0.00"","
3321,P,"249,000",93,"4,050,700",16.20,16.40,15.95,16.25,+,0.15,16.00,1,16.25,1,"0.00"","
3338,,"69,006",55,"1,614,750",23.50,23.80,23.10,23.15,-,0.30,23.10,21,23.30,7,"46.30"","
3346,RM,"156,211",124,"11,043,775",70.50,71.10,70.20,70.50,+,0.60,70.40,2,70.50,5,"19.26"","
3356,_,"234,744",270,"6,826,426",29.20,29.30,28.95,29.20, ,0.00,29.15,2,29.20,17,"0.00"","
3376,s,"4,418,442","2,713","406,538,422",92.10,93.30,90.80,91.00,+,1.70,91.00,27,91.50,2,"14.94"","
3380,,"2,992,617","1,268","69,975,436",23.35,23.55,23.30,23.30,-,0.05,23.30,71,23.35,25,"18.79"","
3383,s@,"84,905",22,"276,519",3.25,3.29,3.25,3.27,+,0.02,3.25,4,3.27,4,"0.00"","
3406,,"12,766,432","9,354","3,990,237,473",319.00,322.00,303.50,303.50,-,3.50,303.50,57,304.50,1,"28.90"","
3413,,"726,838",566,"169,216,092",232.00,236.00,230.50,231.00,-,1.00,231.00,14,231.50,3,"16.95"","
3416,{q,"28,035",23,"1,375,990",49.40,49.40,48.90,49.35, ,0.00,48.90,3,49.35,6,"26.53"","
3419,,"405,031",177,"7,222,405",17.80,17.95,17.75,17.95,+,0.15,17.90,12,17.95,12,"0.00"","
3432,x,"718,210",404,"10,196,429",14.00,14.65,13.85,13.85,+,0.20,13.80,34,14.00,15,"0.00"","
3437,a,"578,035",333,"19,754,596",34.80,34.80,34.00,34.00,-,0.10,34.00,55,34.10,5,"50.00"","
3443,N,"3,882,914","3,357","1,249,382,520",327.50,332.50,315.50,319.00,-,6.50,319.00,4,319.50,6,"50.00"","
3450,pv,"590,272",479,"66,382,964",114.50,114.50,111.50,111.50,-,2.00,111.50,62,112.00,35,"17.61"","
3454,,"19,339",25,"1,659,587",85.20,86.30,85.20,86.10,+,0.30,85.90,7,86.20,4,"16.49"","
3481,s,"44,850,396","7,086","576,102,203",12.95,12.95,12.75,12.75,-,0.15,12.75,"4,776",12.80,36,"3.43"","
3494,,"640,349",211,"6,793,498",10.65,10.80,10.45,10.65, ,0.00,10.50,20,10.65,17,"0.00"","
3501,Q,"129,175",77,"6,884,380",53.30,53.50,53.10,53.20,+,0.10,53.20,15,53.50,17,"11.93"","
3504,,"5,473,076","3,739","350,087,058",64.70,66.50,61.20,61.40,-,1.20,61.40,76,61.90,5,"0.00"","
3514,R,"1,301,643",600,"20,712,942",15.90,16.05,15.80,15.80,+,0.20,15.75,53,15.80,7,"0.00"","
3515,,"1,306,455",986,"122,057,265",93.80,95.50,91.80,91.80,-,0.70,91.80,9,92.10,2,"23.66"","
3518,f,"193,048",169,"5,451,194",28.00,28.65,28.00,28.00,-,0.20,28.00,14,28.10,3,"0.00"","
3519,,"1,606,753",753,"24,695,527",15.35,15.50,15.20,15.30,+,0.30,15.30,64,15.35,32,"0.00"","
3528,w,"106,545",76,"3,831,720",35.95,36.20,35.85,36.00,+,0.05,35.85,9,36.00,4,"14.01"","
3532,x,"3,539,222","2,193","441,538,858",124.00,126.50,122.50,125.50,+,2.50,125.50,3,126.00,50,"43.43"","
3533,A,"3,741,559","3,048","821,672,744",219.50,224.50,214.50,214.50,+,0.50,214.50,22,215.00,5,"20.97"","
3535,m,"154,292",72,"2,194,316",14.40,14.40,14.05,14.15,-,0.10,14.10,5,14.20,13,"0.00"","
3536,,"428,000",185,"6,487,200",15.25,15.45,14.90,15.00,-,0.45,15.00,3,15.05,2,"24.19"","
3545,,"2,130,559","1,119","65,937,692",31.65,31.65,30.55,30.55,-,0.60,30.55,33,30.65,31,"28.29"","
3550,po,"2,409,296","1,092","50,948,166",21.90,21.90,20.40,20.75,-,0.95,20.75,1,20.85,3,"14.21"","
3557,,"69,923",83,"1,188,541",17.00,17.15,16.90,17.10,-,0.05,16.95,1,17.10,2,"0.00"","
3561,@q,"815,622",386,"11,128,409",13.70,13.85,13.50,13.60,+,0.15,13.55,98,13.60,8,"0.00"","
3576,pXA,"4,013,932","1,238","51,998,219",12.90,13.10,12.85,12.95,+,0.25,12.90,6,12.95,191,"0.00"","
3579,|,"136,119",81,"2,059,879",15.00,15.25,14.85,15.00,+,0.15,15.00,34,15.10,11,"0.00"","
3583,,"372,100",310,"24,039,400",65.00,65.40,64.10,64.20,-,0.30,64.20,4,64.40,1,"20.78"","
3588,q,"56,112",148,"1,441,009",25.85,26.00,25.40,25.50,-,0.05,25.50,3,25.70,5,"59.30"","
3591,,"572,556",102,"9,031,154",15.90,15.90,15.65,15.75,-,0.20,15.70,34,15.85,24,"0.00"","
3593,O,"94,010",55,"820,402",8.88,8.88,8.67,8.72,-,0.01,8.70,17,8.73,4,"436.00"","
3596,,"2,116,217","1,215","112,428,741",52.00,53.80,51.70,53.40,+,1.40,53.30,32,53.40,2,"16.64"","
3605,P,"610,204",420,"16,745,418",27.35,27.70,27.30,27.30, ,0.00,27.30,12,27.40,2,"18.57"","
3607,],"226,012",151,"6,682,711",29.65,29.80,29.45,29.45,-,0.20,29.45,13,29.55,12,"0.00"","
3617,,"94,000",74,"8,568,500",91.20,91.60,90.70,91.00,-,0.40,91.00,19,91.20,1,"12.80"","
3622,v,"2,201,455","1,020","41,408,163",19.25,19.40,18.40,18.50,-,0.85,18.50,41,18.60,5,"0.00"","
3645,F,"998,002",651,"76,195,352",76.80,77.20,75.80,76.10,-,0.20,76.10,53,76.20,1,"32.38"","
3653,,"76,560",68,"5,080,648",66.10,66.80,66.10,66.30,+,0.10,66.30,4,66.50,3,"30.27"","
3661,@-KY,"1,347,174","1,070","179,056,377",135.00,135.50,131.00,131.00,-,1.00,131.00,31,131.50,5,"28.79"","
3665,Tp-KY,"3,833,468","2,967","943,760,224",254.00,254.00,242.00,242.00,-,16.00,242.00,93,242.50,5,"24.06"","
3669,i,"15,000",12,"296,200",19.75,19.85,19.70,19.80,+,0.05,19.70,7,19.80,1,"42.13"","
3673,TPK-KY,"3,464,191","2,372","252,772,066",73.80,73.90,72.20,72.40,-,0.50,72.40,58,72.50,10,"12.25"","
3679,s,"47,000",43,"3,809,100",81.00,81.20,80.70,81.10,+,0.60,81.10,1,81.20,1,"14.75"","
3682,q,"2,611,305","1,039","23,863,790",9.19,9.19,9.11,9.12,-,0.05,9.12,82,9.13,3,"0.00"","
3686,F,"732,515",195,"4,602,985",6.26,6.33,6.26,6.28,+,0.01,6.28,28,6.29,2,"0.00"","
3694,,"5,458,540","2,612","132,109,512",25.00,25.20,23.65,24.05,-,0.55,24.05,9,24.10,1,"92.50"","
3698,F,"2,418,388","1,248","50,816,688",21.40,21.50,20.85,20.85,-,0.45,20.85,46,20.90,1,"83.40"","
3701,j,"27,918",32,"207,367",7.40,7.48,7.40,7.45,+,0.03,7.45,2,7.46,1,"16.56"","
3702,jpj,"2,671,922","1,514","100,315,693",37.70,37.70,37.45,37.70, ,0.00,37.60,51,37.70,104,"9.43"","
3703,Y,"809,484",269,"13,037,740",16.15,16.20,16.00,16.15,+,0.05,16.15,6,16.20,142,"6.62"","
3704,X,"283,065",197,"3,989,818",14.10,14.20,14.05,14.10,+,0.05,14.10,2,14.20,15,"0.00"","
3705,H,"423,397",324,"17,610,189",41.10,41.80,41.10,41.65,+,0.60,41.65,1,41.70,5,"21.92"","
3706,F,"1,210,390",737,"40,699,317",33.60,33.70,33.55,33.65,+,0.15,33.60,4,33.70,72,"10.42"","
3708,Wn,"3,266,963","1,858","379,003,171",112.00,117.00,112.00,117.00,+,10.50,117.00,"1,776",--,0,"47.56"","
4104,,"2,185,960","1,258","105,790,656",47.70,48.90,47.70,48.35,+,0.75,48.35,12,48.45,1,"15.50"","
4106,,"193,311",170,"5,643,628",28.80,29.45,28.80,29.20,+,0.60,29.15,7,29.20,4,"20.56"","
4108,hS,"2,983,165","1,814","74,035,340",24.00,25.50,23.80,24.50,+,0.95,24.50,58,24.55,2,"0.00"","
4119,I,"835,877",637,"55,944,588",66.50,67.70,66.30,67.10,+,1.00,67.10,4,67.20,3,"27.96"","
4133,k,"288,570",195,"11,237,463",38.75,39.10,38.50,38.95,+,0.60,38.95,5,39.00,19,"40.15"","
4137,R-KY,"6,023,805","4,627","1,218,903,670",199.00,211.50,193.50,195.50,-,2.50,195.50,21,196.00,8,"26.38"","
4141,sO-KY,"190,641",130,"5,317,815",27.60,28.00,27.60,27.95,+,0.35,27.85,5,27.95,5,"0.00"","
4142,,"3,223,019",891,"64,329,476",19.30,20.20,19.30,19.80,+,0.65,19.70,7,19.80,6,"0.00"","
4144,dp-KY,"1,409,656",899,"67,650,420",48.25,48.70,47.30,47.50,-,0.70,47.50,17,47.55,13,"14.84"","
4148,t-KY,"6,992,093","4,640","988,945,694",136.00,146.50,132.50,134.00,+,0.50,134.00,23,134.50,5,"26.59"","
4155,TM,"675,530",426,"22,202,897",31.75,33.70,31.75,32.70,+,1.00,32.65,6,32.95,2,"18.90"","
4164,~,"623,000",440,"21,244,600",33.80,34.55,33.50,34.45,+,0.75,34.30,6,34.45,2,"0.00"","
4190,n-KY,"5,266,270","3,979","395,434,520",72.10,77.50,72.10,76.00,+,4.80,75.20,1,76.00,23,"20.43"","
4306,w,"311,925",115,"4,291,556",13.70,13.80,13.70,13.80,+,0.10,13.75,54,13.80,5,"47.59"","
4414,p,"5,505,463","1,779","80,304,862",14.95,15.05,14.40,14.45,-,0.45,14.45,75,14.50,52,"0.00"","
4426,Q,"203,430",161,"10,201,156",50.30,50.50,49.90,49.90,-,0.10,49.90,84,50.10,1,"33.95"","
4438,sV,"137,520",134,"16,676,440",122.00,123.00,120.50,121.00,-,1.00,121.00,4,122.50,1,"23.87"","
4526,Fx,"155,324",84,"3,034,213",19.55,19.60,19.50,19.60, ,0.00,19.55,5,19.60,19,"0.00"","
4532,,"894,812",452,"26,767,176",29.65,30.05,29.65,30.05,+,0.40,30.05,9,30.10,70,"14.45"","
4536,,"8,000",8,"688,600",86.00,86.30,86.00,86.30,+,0.30,85.90,2,86.80,2,"16.22"","
4545,,"71,000",46,"2,380,700",33.95,33.95,33.15,33.80,-,0.15,33.50,1,33.80,3,"160.95"","
4551,,"2,234,500","1,576","422,012,500",185.50,193.50,182.50,186.00,+,5.00,186.00,32,187.00,2,"25.41"","
4552,OF-KY,"202,000",137,"19,480,900",96.80,97.40,95.90,96.90,+,1.30,96.50,1,96.90,59,"10.49"","
4555,,"59,001",56,"4,555,578",77.60,78.10,76.40,76.40,-,1.20,76.40,1,77.00,2,"31.70"","
4557,s-KY,"142,011",92,"11,354,680",80.10,80.40,79.60,80.10, ,0.00,80.10,23,80.20,8,"15.23"","
4560,jH-KY,"743,010",572,"54,992,336",74.90,75.50,73.00,73.50,-,0.20,73.50,9,74.10,1,"23.63"","
4562,o~,"60,005",42,"2,451,054",41.00,41.20,40.50,40.80,+,0.25,40.70,1,40.75,2,"19.62"","
4566,u~,"76,000",54,"4,901,100",64.50,65.30,64.30,64.30, ,0.00,64.30,12,64.70,1,"18.48"","
4720,wW,"112,106",42,"1,610,515",14.45,14.45,14.30,14.35,-,0.20,14.35,2,14.45,3,"24.32"","
4722,,"78,203",49,"2,624,552",33.50,33.75,33.45,33.60,-,0.05,33.60,10,33.65,4,"10.84"","
4725,H,"1,467,101",588,"33,926,854",23.55,23.55,22.90,22.95,-,0.30,22.95,19,23.00,6,"0.00"","
4737,s,"249,034",208,"15,549,418",63.30,63.40,61.50,62.30,-,0.20,62.00,2,62.30,3,"23.96"","
4739,d,"4,675,542","3,213","606,695,684",133.00,134.00,127.00,127.50,-,7.50,127.50,100,128.00,5,"25.86"","
4746,x,"4,786,388","3,001","302,389,659",62.00,64.20,61.50,63.10,+,2.10,63.10,20,63.20,3,"24.55"","
4755,T,"33,000",31,"1,714,700",51.50,52.20,51.50,52.00,+,0.50,52.00,4,52.20,3,"12.21"","
4763,-KY,"43,071",44,"5,247,768",121.50,122.50,121.00,122.50,+,4.00,122.00,1,122.50,3,"29.45"","
4764,,"74,000",51,"4,882,900",65.90,66.20,65.70,66.00, ,0.00,66.00,2,66.10,4,"12.84"","
4807,-KY,"683,638",443,"57,869,186",80.00,86.50,80.00,86.50,+,7.80,86.50,504,--,0,"25.98"","
4904,,"3,094,149","1,915","237,576,739",76.20,77.20,75.80,77.00,+,0.80,77.00,65,77.10,68,"23.12"","
4906,,"2,829,429","1,206","76,496,833",27.00,27.30,26.85,27.00, ,0.00,26.95,33,27.00,17,"15.70"","
4912,pw-KY,"407,201",369,"82,900,701",207.00,209.50,199.50,202.00, ,0.00,202.00,4,202.50,1,"26.75"","
4915,P,"920,100",635,"59,046,400",64.00,64.70,63.90,64.40,+,0.50,64.30,1,64.40,6,"13.94"","
4916,Y,"301,157",217,"10,131,806",33.85,33.95,33.35,33.55,-,0.20,33.55,40,33.65,4,"31.65"","
4919,s,"1,933,550","1,272","137,341,700",72.30,72.70,70.10,70.70,-,0.60,70.70,15,70.80,4,"21.30"","
4927,-KY,"203,723",115,"3,867,142",18.90,19.05,18.90,18.95,+,0.05,18.95,23,19.00,3,"35.09"","
4930,P,"44,548",28,"546,035",12.25,12.30,12.25,12.25,-,0.05,12.25,11,12.30,3,"0.00"","
4934,,"1,259,364",369,"13,017,063",10.30,10.50,10.25,10.30,+,0.10,10.30,17,10.35,26,"0.00"","
4935,ZL-KY,"224,400",119,"8,686,269",39.25,39.30,38.55,38.75,-,0.50,38.70,4,38.85,2,"14.46"","
4938,M,"8,182,912","3,364","596,471,656",73.20,73.20,72.60,72.60,-,0.90,72.60,202,72.70,4,"12.92"","
4942,,"14,000",11,"323,400",23.10,23.10,23.10,23.10, ,0.00,23.10,3,23.30,4,"13.20"","
4943,d-KY,"2,705,515","2,261","821,649,060",309.00,310.00,299.00,300.00,-,4.50,300.00,60,301.50,2,"29.33"","
4952,q,"269,500",189,"13,236,150",49.60,49.60,48.70,48.95,-,0.15,48.95,27,49.20,15,"14.83"","
4956,b,"1,351,120",629,"31,503,560",23.20,23.60,23.05,23.40,+,0.35,23.35,5,23.40,28,"37.74"","
4958,-KY,"4,064,477","2,532","285,692,939",70.50,70.70,69.80,69.80,-,0.10,69.70,90,69.80,1,"10.86"","
4960,,"3,029,006",961,"33,884,409",11.30,11.35,11.10,11.10,-,0.15,11.10,584,11.15,48,"0.00"","
4968,n,"811,098",724,"57,055,678",72.60,72.70,69.50,69.80,-,2.50,69.70,17,69.80,27,"26.95"","
4976,,"2,312,139","1,435","103,989,677",45.20,45.80,44.40,44.55,+,0.35,44.55,79,44.60,4,"445.50"","
4977,F-KY,"208,483",161,"19,484,107",92.70,94.20,92.30,94.20,+,1.70,94.10,1,94.20,21,"20.30"","
4984,-KY,"75,611",63,"3,330,664",44.05,44.05,44.05,44.05,+,4.00,44.05,"494,659",--,0,"0.00"","
4994,_,"19,000",17,"988,400",52.30,53.00,51.60,51.60, ,0.00,51.60,1,51.70,7,"0.00"","
4999,,"75,250",112,"3,849,109",51.10,51.20,51.00,51.10, ,0.00,51.00,13,51.10,1,"9.79"","
5007,TP,"261,841",163,"15,269,019",57.20,59.00,57.20,58.70,+,1.00,58.40,2,58.70,10,"15.29"","
5203,Ts,"131,088",98,"8,111,071",61.00,62.70,60.90,62.10,+,1.10,62.10,4,62.50,1,"22.26"","
5215,-KY,"70,000",37,"1,703,700",24.25,24.60,24.15,24.35,+,0.10,24.35,6,24.50,2,"40.58"","
5225,F-KY,"45,000",30,"1,231,200",27.50,28.00,27.15,28.00, ,0.00,27.55,1,28.05,1,"13.73"","
5234,F,"509,401",380,"51,198,900",102.00,102.50,99.70,99.70, ,0.00,99.70,3,99.90,1,"19.70"","
5243,A-KY,"1,444,000",830,"54,010,500",37.15,38.15,37.00,37.10,+,0.05,37.10,18,37.20,1,"14.84"","
5258,i,"118,000",50,"2,600,200",22.25,22.25,21.80,22.00,-,0.15,21.95,4,22.00,8,"30.99"","
5259,Mf,"4,000",4,"39,780",9.92,9.97,9.92,9.97,+,0.28,9.70,3,10.00,2,"0.00"","
5264,Z-KY,"822,096",706,"70,366,259",85.20,86.10,85.10,85.60,+,1.10,85.50,11,85.60,9,"17.65"","
5269,,"257,973",260,"95,702,522",373.00,377.50,368.00,369.50,-,3.50,369.00,4,370.00,7,"51.32"","
5284,jpp-KY,"64,000",42,"4,100,400",64.00,64.50,63.50,64.50,+,0.90,64.30,1,64.50,1,"12.26"","
5285,M,"123,100",97,"11,088,190",90.20,90.30,89.80,90.00,-,0.20,90.00,7,90.20,2,"22.73"","
5288,-KY,"121,000",87,"10,261,700",83.70,85.30,83.70,85.00,+,1.50,85.00,9,85.20,1,"12.18"","
5305,n,"3,205,598","2,035","134,393,766",42.35,42.50,41.30,42.10,+,0.15,42.10,8,42.15,7,"23.52"","
5388,U,"671,224",437,"53,431,420",80.10,80.10,79.30,79.80,-,0.10,79.80,13,79.90,10,"14.94"","
5434,RV,"362,692",306,"30,645,670",85.30,85.30,84.00,84.50, ,0.00,84.40,1,84.50,19,"12.65"","
5469,vt,"1,162,124",467,"20,733,336",17.90,18.00,17.75,17.75,-,0.15,17.75,11,17.85,3,"9.34"","
5471,Q,"187,200",97,"6,851,709",36.40,36.75,36.40,36.75, ,0.00,36.55,5,36.80,9,"26.06"","
5484,z,"113,030",61,"644,851",5.67,5.82,5.66,5.68,+,0.02,5.68,17,5.70,6,"0.00"","
5515,,"432,948",156,"4,792,328",11.25,11.25,11.00,11.05,-,0.05,11.05,11,11.15,47,"36.83"","
5519,j,"196,281",62,"2,115,405",10.70,10.85,10.70,10.75,+,0.05,10.70,21,10.80,7,"9.03"","
5521,uH,"2,188,449",558,"33,557,962",15.15,15.45,15.05,15.35,+,0.30,15.35,37,15.40,29,"0.00"","
5522,,"415,139",253,"13,655,792",32.80,33.00,32.80,32.85,+,0.05,32.80,79,32.95,25,"38.20"","
5525,,"107,682",69,"1,921,588",17.75,17.95,17.75,17.95,+,0.20,17.85,9,17.95,12,"13.81"","
5531,mL,"93,500",48,"991,000",10.75,10.75,10.55,10.60,+,0.05,10.55,33,10.65,13,"16.83"","
5533,,"100,077",37,"1,593,110",15.90,16.00,15.80,16.00, ,0.00,15.85,5,16.00,6,"13.68"","
5534,i,"472,198",351,"39,863,386",83.90,84.70,83.90,84.50,+,0.80,84.40,4,84.50,21,"10.60"","
5538,F-KY,"12,000",10,"483,650",40.15,40.90,40.15,40.15, ,0.00,40.30,1,40.90,2,"9.86"","
5607,,"176,828",105,"3,333,783",18.90,18.95,18.80,18.85,-,0.10,18.85,5,18.95,13,"13.00"","
5608,|,"582,350",244,"4,233,020",7.34,7.34,7.24,7.28,-,0.06,7.27,1,7.28,5,"0.00"","
5706,,"156,770",102,"5,639,820",36.00,36.05,35.90,35.90,-,0.10,35.90,8,35.95,1,"13.25"","
5871,-KY,"4,791,914","2,965","482,398,814",102.50,103.00,100.00,100.00,-,3.00,100.00,"1,521",100.50,34,"13.09"","
5880,Xw,"8,469,098","3,041","145,620,242",17.20,17.25,17.15,17.15,-,0.10,17.15,"1,677",17.20,49,"14.06"","
5906,xn-KY,"99,000",31,"920,860",9.32,9.36,9.20,9.28,-,0.01,9.20,1,9.29,2,"232.00"","
5907,jv-KY,"398,000",136,"9,066,850",22.40,23.20,22.40,23.00,+,0.70,22.95,15,23.00,6,"19.17"","
6005,sq,"1,526,254",295,"17,092,069",11.20,11.25,11.15,11.15,-,0.05,11.15,572,11.20,60,"11.38"","
6024,sq,"984,166",567,"63,135,036",63.10,65.00,63.10,64.50,+,1.50,64.40,3,64.60,4,"14.14"","
6108,v,"232,317",215,"5,990,842",25.70,25.95,25.65,25.85,-,0.15,25.85,3,25.95,20,"15.12"","
6112,E,"149,276",126,"4,857,691",32.25,32.70,32.25,32.65,+,0.25,32.65,4,32.70,6,"12.91"","
6115,,"31,772",25,"1,446,579",45.50,45.60,45.45,45.50, ,0.00,45.35,1,45.50,14,"18.80"","
6116,m,"8,487,524","2,028","85,600,290",10.10,10.15,10.05,10.05, ,0.00,10.05,593,10.10,431,"4.86"","
6117,s,"145,000",91,"3,021,850",20.05,21.40,20.05,20.70,+,0.50,20.55,2,20.70,5,"0.00"","
6120,FB,"6,504,360","2,696","171,177,113",26.00,26.65,25.65,25.65,-,0.25,25.65,22,25.70,1,"44.22"","
6128,W,"1,708,774",867,"63,945,262",38.05,38.10,36.80,38.00,-,0.20,38.00,80,38.10,10,"7.28"","
6131,yJ,"558,007",120,"10,419,727",18.80,18.80,18.55,18.80, ,0.00,18.75,70,18.80,28,"13.93"","
6133,,"142,004",70,"1,484,142",10.40,10.55,10.35,10.50,+,0.20,10.50,1,10.55,31,"50.00"","
6136,IS,"104,730",524,"2,549,812",24.40,24.45,24.25,24.40,+,0.10,24.35,3,24.40,9,"14.19"","
6139,,"601,000",327,"21,106,650",35.60,35.60,34.95,35.00,-,0.20,35.00,125,35.05,1,"13.31"","
6141,f,"4,424,771","2,218","126,438,148",29.50,29.60,28.10,28.25,-,0.90,28.25,43,28.35,6,"17.33"","
6142,l,"370,783",164,"2,975,994",8.05,8.10,7.99,8.04,-,0.01,8.01,5,8.04,23,"0.00"","
6145,l,"2,958,325",848,"29,879,082",10.10,10.10,10.10,10.10,-,1.10,--,0,10.10,"3,530","0.00"","
6152,@,"74,505",34,"620,316",8.31,8.38,8.31,8.32,+,0.01,8.32,6,8.33,5,"0.00"","
6153,pq,"5,299,740","2,639","222,130,827",42.40,42.55,41.55,41.65,-,0.35,41.65,52,41.70,3,"595.00"","
6155,v_,"85,000",55,"1,677,750",19.75,19.90,19.65,19.65, ,0.00,19.65,17,19.85,8,"39.30"","
6164,,"167,149",96,"1,915,089",11.50,11.60,11.40,11.45, ,0.00,11.40,7,11.45,2,"30.95"","
6165,,"5,976,000","2,133","111,787,100",17.50,19.05,17.50,18.45,+,1.10,18.45,22,18.50,24,"0.00"","
6166,,"79,037",76,"4,804,634",60.40,61.00,60.40,60.80,-,0.20,60.80,1,60.90,2,"33.97"","
6168,,"1,637,488",715,"34,373,648",21.20,21.20,20.85,20.95,+,0.25,20.95,61,21.00,6,"18.87"","
6172,,"2,731",5,"34,456",12.35,12.75,12.35,12.75,-,0.10,13.05,1,13.95,1,"0.00"","
6176,,"5,251,761","3,279","377,790,092",72.80,73.30,71.30,71.50,-,0.60,71.50,71,71.60,1,"10.88"","
6177,FR,"310,764",155,"11,006,065",35.65,35.70,35.20,35.20,-,0.20,35.10,24,35.20,7,"7.24"","
6183,T,"33,000",22,"1,089,850",33.15,33.15,32.90,33.00,-,0.10,33.00,1,33.15,2,"19.41"","
6184,jq,"54,972",46,"2,158,401",39.35,39.55,39.15,39.40,+,0.05,39.20,2,39.40,3,"16.62"","
6189,,"183,041",149,"5,239,153",28.55,28.70,28.55,28.65,+,0.10,28.65,14,28.70,28,"13.08"","
6191,,"680,285",293,"8,654,622",12.85,12.85,12.60,12.60, ,0.00,12.60,4,12.65,2,"15.56"","
6192,,"120,384",95,"6,935,637",57.90,57.90,57.30,57.50,-,0.30,57.40,5,57.80,4,"12.13"","
6196,|,"4,026,807","2,329","193,004,179",48.70,49.00,47.15,47.50,-,0.35,47.45,7,47.50,29,"12.87"","
6197,X,"158,609",121,"4,617,794",29.10,29.35,29.00,29.30,+,0.20,29.15,2,29.30,6,"13.50"","
6201,q,"7,100",9,"221,879",31.25,31.30,31.20,31.30,+,0.05,31.20,6,31.30,4,"13.61"","
6202,s,"1,326,220",976,"103,706,280",79.20,79.60,77.50,77.80,-,1.00,77.80,17,78.00,1,"19.02"","
6205,Y,"29,000",18,"823,550",28.20,28.60,28.20,28.50,+,0.25,28.30,1,28.50,1,"15.00"","
6206,,"92,903",87,"7,468,343",80.60,80.60,80.20,80.30,-,0.30,80.30,18,80.60,10,"15.56"","
6209,,"1,275,895",790,"45,976,396",36.30,36.40,35.80,36.15,+,0.70,36.15,43,36.20,60,"0.00"","
6213,pZ,"2,151,200","1,540","146,713,987",67.40,69.10,66.80,68.60,+,1.20,68.50,35,68.60,3,"16.69"","
6214,,"906,654",629,"57,588,217",63.30,63.70,63.30,63.70,+,0.60,63.60,12,63.70,65,"14.58"","
6215,M,"1,378,000",708,"31,855,750",23.35,23.65,22.75,23.25, ,0.00,23.10,1,23.25,30,"21.14"","
6216,~,"70,008",58,"1,971,340",28.10,28.30,28.00,28.20,+,0.10,28.15,6,28.20,1,"12.10"","
6224,E,"308,000",211,"19,722,298",64.00,64.50,63.70,64.10,+,0.50,64.10,4,64.40,4,"15.63"","
6225,v,"11,303",12,"32,158",2.74,3.10,2.74,3.10,X,0.00,2.90,1,3.08,1,"0.00"","
6226,,"784,509",317,"7,479,803",9.71,9.71,9.44,9.46,-,0.24,9.46,2,9.47,1,"63.07"","
6230,W,"71,100",70,"6,504,489",91.20,91.90,91.00,91.20, ,0.00,91.20,1,91.40,2,"15.75"","
6235,,"872,557",330,"16,591,177",19.10,19.20,18.85,18.85,-,0.25,18.85,32,18.90,8,"2.52"","
6239,O,"1,537,973","1,221","139,654,536",90.80,91.50,90.10,90.90,+,0.10,90.60,44,90.90,36,"12.56"","
6243,N,"219,160",261,"3,340,408",15.65,15.65,15.05,15.30,-,0.35,15.20,6,15.30,14,"0.00"","
6251,wo,"245,068",174,"2,447,010",9.96,10.05,9.96,9.98,-,0.02,9.97,2,9.99,25,"332.67"","
6257,,"2,449,462","1,246","89,818,357",37.00,37.05,36.50,36.50,-,0.30,36.50,262,36.55,1,"13.22"","
6269,xp,"4,190,009","3,105","417,411,509",101.00,102.00,98.50,99.90,-,0.10,99.90,5,100.00,85,"10.05"","
6271,PYq,"2,380,662","1,752","301,304,912",128.00,129.00,124.00,124.00,-,1.50,124.00,67,124.50,5,"21.05"","
6277,,"698,422",615,"66,244,834",95.40,96.10,94.10,94.90,+,0.40,94.90,2,95.00,6,"15.61"","
6278,x,"292,760",233,"8,206,789",28.30,28.50,27.75,27.90,-,0.45,27.90,14,28.00,3,"10.57"","
6281,q,"14,158",14,"919,028",64.90,65.00,64.80,64.90, ,0.00,64.80,21,65.00,17,"14.20"","
6282,d,"721,683",386,"14,858,061",20.65,20.75,20.50,20.55,-,0.10,20.50,233,20.55,19,"34.25"","
6283,Ew,"113,500",83,"4,391,849",39.00,39.00,38.40,38.65,-,0.10,38.55,1,38.65,2,"69.02"","
6285,,"762,469",567,"58,126,675",76.10,76.80,75.90,76.40,+,0.40,76.40,5,76.50,17,"13.57"","
6289,W,"59,292",41,"122,589",2.09,2.09,2.05,2.07,-,0.02,2.06,2,2.07,6,"0.00"","
6405,,"238,000",92,"5,879,800",24.85,25.15,24.05,24.05,-,0.55,24.05,3,24.55,1,"32.95"","
6409,G,"85,629",54,"48,432,240",565.00,570.00,562.00,565.00,+,4.00,565.00,3,566.00,2,"32.60"","
6412,sq,"399,040",292,"23,691,586",59.50,59.80,59.10,59.30,-,0.50,59.30,44,59.70,13,"11.38"","
6414,~,"241,030",206,"115,103,960",479.50,481.00,473.00,479.00,+,0.50,479.00,10,479.50,1,"34.81"","
6415,O-KY,"155,679",132,"102,699,987",660.00,668.00,654.00,657.00,+,3.00,657.00,4,660.00,7,"31.88"","
6422,g-KY,"165,227",130,"10,352,509",62.90,63.00,62.40,62.60,-,0.60,62.60,9,62.70,4,"11.57"","
6431,R-KY,"59,000",30,"775,400",13.10,13.20,13.10,13.10, ,0.00,13.10,5,13.20,1,"0.00"","
6442,t,"34,000",27,"1,310,450",38.80,38.85,38.40,38.40,-,0.20,38.35,2,38.40,1,"54.08"","
6443,,"684,377",243,"6,229,874",9.10,9.14,9.08,9.10,+,0.02,9.10,10,9.11,5,"0.00"","
6449,,"3,567,668","2,483","200,218,738",56.90,57.20,55.50,55.60,-,1.00,55.60,14,55.80,11,"21.63"","
6451,T-KY,"1,438,210","1,080","214,124,580",151.00,153.50,147.00,148.00,-,2.00,147.50,4,148.00,9,"140.95"","
6452,d-KY,"262,922",224,"99,344,750",381.00,381.00,375.00,375.00,-,6.00,374.50,4,376.50,2,"30.74"","
6456,GIS-KY,"2,147,761","1,685","382,369,076",179.50,180.00,176.50,176.50,-,1.00,176.50,111,177.00,4,"8.61"","
6464,x,"1,000",1,"119,500",119.50,119.50,119.50,119.50, ,0.00,119.00,1,121.00,6,"22.85"","
6477,w,"591,468",283,"12,384,279",20.80,21.15,20.70,21.00,+,0.50,21.00,14,21.05,3,"23.08"","
6504,n,"6,000",6,"949,000",157.50,159.50,157.50,159.50,+,2.00,157.50,8,159.50,3,"21.38"","
6505,x,"2,813,164","1,374","334,480,516",119.50,120.00,117.50,118.50, ,0.00,118.50,143,119.00,55,"14.07"","
6525,-KY,"2,224,663","1,713","184,947,884",80.80,85.40,80.40,84.90,+,5.30,84.80,2,84.90,5,"14.44"","
6531,R,"1,536,361","1,012","160,530,266",104.50,107.50,101.00,106.00,+,3.00,105.50,13,106.00,3,"29.94"","
6533,,"1,406,268","1,112","245,550,400",177.00,177.00,170.50,175.00,+,2.00,175.00,365,175.50,7,"330.19"","
6541,-KY,"299,700",261,"30,523,200",102.00,103.50,100.50,102.00,+,1.50,102.00,16,102.50,14,"0.00"","
6552,q,"177,030",142,"9,904,065",55.80,56.60,55.40,55.90,+,0.30,55.90,8,56.00,2,"1,397.50"","
6573,i-KY,"232,050",176,"13,832,075",60.50,60.60,59.20,59.20,-,1.50,59.20,4,59.50,3,"21.07"","
6579,,"60,868",45,"5,225,813",85.40,86.20,85.40,86.00,+,1.00,85.70,3,86.00,2,"16.38"","
6581,p,"113,001",88,"14,483,640",128.50,130.00,127.00,128.50, ,0.00,128.00,2,128.50,2,"16.82"","
6582,,"11,000",11,"651,400",59.30,59.30,59.10,59.10,-,0.30,59.10,1,59.70,3,"17.85"","
6591,O-KY,"142,000",126,"12,497,000",88.80,89.30,86.80,87.60,-,1.20,87.60,5,88.20,1,"24.00"","
6605,_,"131,001",97,"11,057,686",84.80,85.00,84.10,84.20,-,0.40,84.20,2,85.00,15,"11.49"","
6625,,"41,300",42,"2,818,000",69.00,69.00,67.80,68.60,-,0.40,68.20,1,68.60,1,"41.33"","
8011,xq,"282,304",156,"5,281,749",19.05,19.10,18.60,18.65,-,0.20,18.65,8,18.85,7,"20.49"","
8016,,"401,538",351,"34,959,593",88.00,88.20,86.40,86.60,-,1.30,86.60,26,86.80,1,"11.94"","
8021,yI,"221,009",120,"4,526,130",20.55,20.60,20.40,20.50,-,0.05,20.45,2,20.50,27,"13.67"","
8033,p,"629,880",319,"7,980,562",12.95,12.95,12.55,12.65,-,0.35,12.65,4,12.70,35,"0.00"","
8039,xi,"1,202,683",700,"51,823,655",43.20,43.90,42.90,42.90,-,0.30,42.85,56,42.90,1,"12.19"","
8046,nq,"11,060,891","5,621","384,651,350",33.60,35.80,33.60,35.70,+,3.10,35.70,31,35.75,46,"0.00"","
8070,,"103,153",90,"15,492,603",150.00,151.50,149.00,149.50,-,0.50,149.00,46,149.50,2,"10.96"","
8072,,"21,850",23,"460,700",21.10,21.10,21.00,21.00,-,0.10,21.00,2,21.10,2,"0.00"","
8081,Ps,"73,090",80,"5,013,960",68.60,68.80,68.50,68.50,-,0.10,68.50,12,68.60,6,"18.51"","
8101,a,"3,441,951",788,"11,978,339",3.65,3.70,3.34,3.48,-,0.23,3.47,5,3.48,10,"0.00"","
8103,v,"595,973",376,"17,237,110",29.00,29.20,28.80,28.90,-,0.50,28.90,13,29.00,7,"13.96"","
8105,,"1,805,320",546,"33,220,323",18.45,18.55,18.30,18.35, ,0.00,18.35,154,18.40,2,"13.39"","
8110,F,"1,997,191",591,"28,996,408",14.50,14.65,14.40,14.45,+,0.05,14.45,1,14.50,10,"9.51"","
8112,W,"4,379,557","1,882","139,853,166",32.05,32.10,31.85,31.85,+,0.10,31.85,4,31.90,11,"8.27"","
8114,q,"64,764",67,"8,633,376",133.50,134.00,133.00,133.50, ,0.00,133.00,12,133.50,1,"12.67"","
8131,,"777,230",514,"25,761,651",33.35,33.40,33.00,33.05,-,0.30,33.05,2,33.15,8,"11.48"","
8150,nZ,"9,400,251","5,107","217,287,119",23.50,23.50,22.95,23.05,-,0.25,23.05,152,23.10,26,"6.51"","
8163,F,"870,752",608,"26,869,115",30.95,31.25,30.60,30.75,-,0.15,30.75,2,30.80,72,"14.86"","
8201,L,"801,279",418,"13,310,119",16.50,17.10,16.25,17.10,+,0.80,17.10,8,17.15,2,"0.00"","
8210,,"151,349",95,"7,468,740",49.15,49.70,49.15,49.40,+,0.55,49.35,4,49.40,1,"13.00"","
8213,W,"206,281",139,"6,074,112",29.65,29.65,29.40,29.40,-,0.15,29.40,4,29.50,16,"10.39"","
8215,,"4,896,393","1,307","95,982,611",19.15,19.80,19.10,19.50,+,0.35,19.50,19,19.55,9,"11.89"","
8222,_@,"484,646",265,"9,123,787",18.45,19.20,18.40,19.00,+,0.65,18.95,3,19.05,3,"47.50"","
8249,,"542,327",350,"14,645,879",26.90,27.10,26.80,27.05,+,0.25,27.05,9,27.10,47,"13.87"","
8261,I,"244,004",162,"6,586,095",27.10,27.20,26.90,26.90,-,0.20,26.90,9,27.05,1,"56.04"","
8271,t,"364,835",408,"14,754,442",40.50,40.55,40.35,40.50,+,0.10,40.45,13,40.50,9,"10.07"","
8341,,"178,281",191,"40,210,923",228.50,229.00,224.00,224.50,-,4.00,224.50,11,225.50,2,"31.93"","
8374,@,"206,172",130,"5,779,540",27.95,28.30,27.85,27.90,+,0.05,27.85,5,27.90,3,"13.81"","
8404,M~-KY,"379,516",262,"22,340,383",58.70,59.50,58.60,58.70,-,0.10,58.70,14,58.90,5,"35.36"","
8411,s-KY,"42,559",46,"986,930",23.30,23.30,23.05,23.05,-,0.30,23.05,12,23.30,29,"13.17"","
8422,i,"131,635",112,"23,921,205",180.00,182.50,180.00,182.50,+,2.00,182.00,4,182.50,37,"15.07"","
8427,-KY,"13,000",11,"510,800",39.00,39.65,39.00,39.65,+,0.15,39.60,2,39.70,1,"92.21"","
8429,R-KY,"440,287",262,"9,581,394",21.95,22.10,21.55,21.60,-,0.15,21.60,1,21.70,3,"5.98"","
8442,-KY,"48,000",9,"3,071,800",63.50,64.90,62.90,63.50,+,0.50,63.00,1,63.40,2,"0.00"","
8443,G,"38,388",279,"534,841",14.00,14.00,13.90,13.90,-,0.10,13.90,6,13.95,3,"0.00"","
8454,IC,"121,030",124,"33,687,340",280.50,282.00,275.00,276.00,-,3.50,275.50,1,276.00,4,"30.43"","
8463,,"37,000",22,"657,500",17.90,17.95,17.70,17.95,+,0.15,17.80,8,18.00,6,"18.89"","
8464,,"354,158",292,"98,985,240",280.50,282.50,278.00,279.00,+,0.50,278.50,23,279.00,6,"22.74"","
8466,NN-KY,"113,130",61,"9,333,725",81.90,83.20,81.90,82.10,+,0.20,82.10,3,82.60,4,"10.96"","
8467,iO-KY,"4,000",4,"128,700",32.45,32.45,32.00,32.00,+,0.10,31.90,2,32.20,3,"32.00"","
8473,sL,"273,088",210,"19,295,711",71.00,71.40,70.20,70.50,-,0.30,70.50,2,70.60,2,"21.04"","
8478,FC,"93,000",84,"5,747,400",60.90,63.00,60.90,61.80,+,0.90,61.80,5,62.00,1,"17.97"","
8480,@-KY,"51,047",51,"6,855,868",135.00,135.00,133.00,134.50,+,5.50,134.00,2,134.50,1,"18.92"","
8481,F,"42,056",25,"1,889,681",44.60,45.20,44.60,45.10,+,0.55,45.05,3,45.25,1,"13.50"","
8488,N-KY,"2,000",2,"56,700",28.35,28.35,28.35,28.35,+,0.25,27.75,3,28.35,5,"11.39"","
8497,ps,"446,270",337,"21,478,714",48.20,48.80,47.70,48.00,+,0.70,48.00,7,48.05,1,"15.53"","
8499,-KY,"440,400",359,"44,684,600",102.50,103.50,99.70,102.00,-,3.50,101.50,2,102.00,4,"16.06"","
8926,xTq,"9,124,167","3,368","242,536,795",26.15,27.50,26.15,27.05,+,1.00,27.05,10,27.10,79,"16.39"","
8940,sa,"41,000",24,"574,750",14.15,14.15,13.85,13.95,-,0.10,13.90,6,13.95,4,"0.00"","
8996,O,"297,408",210,"13,335,300",45.30,45.30,44.30,44.50,-,0.80,44.50,27,44.60,2,"70.63"","
9103,w-DR,"329,592",52,"465,818",1.42,1.43,1.40,1.43,+,0.01,1.42,4,1.43,116,"0.00"","
910322,dv-DR,"34,000",10,"1,011,950",29.30,29.90,29.30,29.90,+,0.70,29.85,10,30.10,1,"0.00"","
910482,tB-DR,"459,000",25,"165,230",0.36,0.37,0.35,0.37,-,0.01,0.37,14,0.38,39,"0.00"","
9105,_-DR,"1,088,653",168,"3,044,144",2.79,2.81,2.79,2.79, ,0.00,2.79,394,2.80,137,"0.00"","
910708,j-DR,0,0,0,--,--,--,--, ,0.00,561.00,5,595.00,1,"0.00"","
910861,{-DR,"26,000",9,"205,320",8.02,8.02,7.83,7.96,-,0.31,7.90,4,8.21,2,"0.00"","
9110,Vn-DR,"5,000",3,"15,590",3.27,3.27,3.05,3.17,+,0.03,3.08,2,3.16,4,"0.00"","
911608,-DR,"6,000",2,"10,740",1.79,1.79,1.79,1.79,+,0.03,1.76,4,1.89,4,"0.00"","
911616,d-DR,0,0,0,--,--,--,--, ,0.00,1.08,2,1.11,5,"0.00"","
911619,-DR,"11,000",2,"9,560",0.87,0.87,0.86,0.86,-,0.03,0.81,2,0.86,14,"0.00"","
911622,E-DR,0,0,0,--,--,--,--, ,0.00,5.67,5,6.00,2,"0.00"","
911868,P-DR,"102,000",20,"139,690",1.35,1.39,1.35,1.36,+,0.02,1.36,5,1.39,15,"0.00"","
912000,T-DR,"6,000",5,"16,250",2.72,2.72,2.70,2.70,X,0.00,2.68,1,2.75,10,"0.00"","
912398,-DR,"53,000",8,"405,960",7.52,7.73,7.52,7.52,X,0.00,7.54,15,7.65,1,"0.00"","
9136,-DR,"514,000",115,"4,101,090",7.80,8.11,7.69,8.11,+,0.31,8.10,1,8.11,11,"0.00"","
9157,-DR,"2,000",1,"2,660",1.33,1.33,1.33,1.33,-,0.03,1.30,15,1.33,7,"0.00"","
9188,-DR,"28,000",5,"143,340",5.10,5.13,5.10,5.13,-,0.06,5.13,13,5.20,60,"0.00"","
9802,-KY,"268,382",193,"18,079,784",67.10,67.80,66.90,67.50,+,0.20,67.30,15,67.60,2,"12.25"","
9902,x,"126,501",63,"1,245,064",9.86,9.98,9.80,9.80, ,0.00,9.80,3,9.86,5,"980.00"","
9904,_,"4,156,564","2,192","160,727,910",38.50,38.90,38.40,38.70,+,0.20,38.60,146,38.70,111,"8.82"","
9905,j,"91,574",61,"2,417,336",26.45,26.45,26.35,26.40, ,0.00,26.40,7,26.45,16,"13.68"","
9906,Y,"71,830",51,"1,050,348",14.70,14.75,14.55,14.60, ,0.00,14.60,13,14.70,1,"11.15"","
9907,@,"702,247",262,"9,139,741",13.05,13.10,12.95,13.00, ,0.00,13.00,18,13.10,54,"34.21"","
9908,jx_,"258,413",62,"7,157,805",27.70,27.75,27.65,27.70, ,0.00,27.70,11,27.80,2,"17.87"","
9910,,"528,049",402,"69,749,441",132.50,133.00,131.50,132.50, ,0.00,132.50,69,133.00,85,"20.14"","
9911,,"223,567",139,"8,527,998",38.20,38.35,38.05,38.15,-,0.05,38.10,5,38.15,8,"11.60"","
9912,p,"7,553,100","2,911","91,543,083",11.50,12.45,11.45,12.45,+,1.10,12.45,449,--,0,"77.81"","
9914,QF,"1,082,394",770,"144,960,303",131.00,137.00,130.50,137.00,+,6.50,135.50,3,137.00,28,"29.65"","
9917,O,"228,015",57,"20,543,960",90.30,90.30,90.00,90.10, ,0.00,90.10,16,90.20,2,"18.02"","
9918,YM,"7,189",168,"237,759",32.90,33.30,32.90,33.25,-,0.20,32.90,2,33.30,6,"23.58"","
9919,d,"320,109",83,"3,824,666",11.95,12.00,11.90,12.00,+,0.10,11.95,6,12.00,7,"20.69"","
9921,j,"438,490",375,"66,819,221",152.50,153.00,151.50,153.00,+,0.50,152.50,16,153.00,8,"22.27"","
9924,,"126,000",78,"4,644,650",36.95,37.00,36.80,36.80,-,0.15,36.80,5,37.00,6,"12.60"","
9925,sO,"74,804",57,"2,896,306",38.80,38.80,38.65,38.75,-,0.05,38.65,4,38.80,34,"15.95"","
9926,s,"13,384",12,"539,620",40.50,40.50,40.40,40.40,-,0.10,40.30,3,40.60,2,"20.00"","
9927,,"684,326",393,"27,461,832",40.15,40.45,40.00,40.20,+,0.15,40.15,1,40.20,6,"8.39"","
9928,,"19,503",16,"102,534",5.42,5.42,5.20,5.21,-,0.18,5.21,1,5.36,1,"0.00"","
9929,B,"84,000",27,"891,000",10.65,10.65,10.55,10.60,-,0.10,10.65,1,10.70,2,"530.00"","
9930,p,"25,253",25,"1,510,928",59.80,60.00,59.80,59.80, ,0.00,59.80,3,60.00,5,"17.74"","
9931,Y,0,0,0,--,--,--,--, ,0.00,31.40,1,31.80,1,"18.76"","
9933,,"987,362",784,"46,989,339",47.60,47.70,47.50,47.50,-,0.20,47.50,11,47.60,26,"12.91"","
9934,M,"905,620",396,"18,526,276",20.50,20.55,20.35,20.55,+,0.20,20.50,13,20.55,28,"10.82"","
9935,yI,"612,068",305,"13,929,504",23.00,23.25,22.10,22.85,-,0.50,22.85,71,22.90,10,"22.18"","
9937,,"8,000",7,"326,700",40.80,41.00,40.60,40.60,-,0.20,40.50,5,40.60,5,"18.45"","
9938,M,"1,001,718",737,"81,551,417",82.10,82.20,81.10,81.10,-,1.00,81.10,14,81.20,1,"14.91"","
9939,,"888,184",569,"49,855,404",56.70,56.80,55.80,56.00,-,0.40,55.90,22,56.00,1,"13.33"","
9940,Hq,"385,388",215,"16,641,869",43.00,43.35,43.00,43.30,+,0.20,43.25,6,43.30,2,"10.07"","
9941,,"479,092",298,"57,812,724",121.00,122.00,119.50,121.50,+,1.50,121.00,26,121.50,23,"14.36"","
9942,Z,"37,041",34,"3,300,168",89.50,89.50,89.00,89.00,-,0.50,89.00,3,89.40,3,"14.06"","
9943,n},"175,402",137,"9,510,389",54.10,54.40,54.10,54.40,+,0.30,54.30,9,54.40,12,"11.45"","
9944,sR,"20,000",8,"391,100",19.65,19.70,19.45,19.45,-,0.05,19.45,2,19.50,2,"44.20"","
9945,s,"5,172,870","2,208","177,605,151",34.50,34.60,34.15,34.30,-,0.15,34.25,101,34.30,27,"5.12"","
9946,Toa,"121,101",47,"1,555,242",12.75,12.85,12.75,12.80,-,0.05,12.80,9,12.90,27,"8.48"","
9955,s,"141,664",82,"2,008,478",14.60,14.60,14.05,14.05,-,0.25,14.05,13,14.20,2,"0.00"","
9958,@,"39,936,439","20,218","2,939,777,005",69.60,75.90,69.60,75.90,+,6.90,75.90,"4,372",--,0,"237.19"","
